# {"t_start": 1596309708.6075532, "env_id": "Hopper-v2"} 
r,l,t
90.71014,52,13.284085
10.809246,14,16.814991
5.057469,10,19.455929
13.090373,13,22.971188
10.675831,16,27.263791
6.072495,9,29.274796
53.39622,39,38.77537
11.271987,13,42.37385
7.438468,12,45.233733
9.85216,23,51.504342
5.331694,9,53.923165
23.871833,31,61.682764
7.932182,10,64.069404
10.168777,15,67.567981
21.924373,20,72.048817
15.903835,16,76.066041
10.15631,14,79.812374
5.881137,9,81.726981
65.217237,52,93.709871
8.524483,13,96.565369
6.871356,16,100.30253
49.17147,38,110.700699
8.539346,16,114.215827
7.357055,23,119.683084
10.043822,16,123.954409
6.149416,15,127.62773
11.443761,16,131.398691
21.703783,27,137.975232
14.146821,16,141.674259
8.129974,11,144.712618
9.060424,13,147.92031
24.689081,33,156.227813
8.17112,10,158.939377
15.632901,16,162.850888
11.411885,16,166.300397
11.064558,18,171.039773
8.943417,13,173.827665
5.134356,31,180.247242
9.508577,12,183.229295
6.564071,22,188.892223
17.702808,21,194.277117
13.487777,20,199.459554
61.847117,44,210.441705
16.209934,24,216.011805
8.179552,14,219.481178
12.097704,14,222.948785
13.903985,16,226.849697
7.23774,11,230.322903
7.482856,19,235.659976
24.903163,21,240.973152
10.494957,13,244.214918
19.557488,17,248.318387
7.4153,9,248.408664
8.430937,19,248.7156
37.128657,38,249.576203
9.956631,16,249.96411
27.387859,35,250.716071
9.297888,28,251.523254
9.598881,24,252.170745
91.551144,54,253.142095
47.13304,46,254.194951
14.158606,18,254.543859
7.470411,10,254.756052
22.488828,24,255.229433
13.814981,29,255.899182
59.561604,55,257.01782
17.246158,17,257.53273
35.872446,30,258.697473
13.460024,15,258.947863
8.550063,14,259.461771
6.936103,15,259.697258
5.763355,11,259.789855
19.729358,18,260.110282
6.718764,12,260.203498
17.45291,29,260.496642
25.744074,21,260.804176
6.33924,11,261.02503
8.83742,14,261.291823
9.744073,13,261.595262
13.471187,15,261.914488
21.200206,23,262.50806
8.540759,11,262.832937
6.815316,9,263.052868
9.246672,11,263.496933
5.714716,8,263.688815
11.684806,20,264.135247
7.91903,16,264.580438
19.720021,20,265.019747
7.184322,9,265.258104
36.782368,30,265.975044
9.515691,16,266.312329
44.602666,34,267.074518
8.341439,11,267.34551
32.304573,40,268.132775
11.181279,17,268.471691
9.232015,28,268.98855
5.904987,8,269.080841
8.930262,16,269.316201
5.903851,31,269.845214
13.423635,21,270.210304
7.563711,13,270.43095
20.131846,38,282.13957
21.12383,26,282.630122
22.475943,21,283.027932
27.561706,31,283.587945
10.905595,18,284.027787
18.476283,22,284.422178
55.508472,36,285.180609
41.81495,34,285.848011
47.848161,35,286.721277
15.94534,18,287.118097
21.530851,20,287.696228
49.432475,33,288.635962
12.854336,14,288.977733
5.342927,12,289.312767
13.547203,14,289.673798
19.837404,28,290.547609
17.283991,19,291.100451
6.073785,9,291.415669
5.763539,9,291.690206
12.029949,12,292.016829
22.24381,24,292.737707
46.134536,33,293.356824
8.289201,10,293.551035
16.451686,19,293.908577
30.837016,28,294.473656
7.527831,10,294.641321
122.231661,69,296.076636
7.937655,13,296.352852
64.637175,46,297.497254
17.391994,24,297.987167
11.443215,20,298.449167
13.678599,16,298.799621
8.128146,13,299.249876
5.562635,9,299.372012
35.43905,31,300.09167
20.331019,27,300.640756
18.745948,19,301.055225
81.760909,79,302.965164
6.061793,10,303.191804
36.350349,50,304.357334
12.321881,24,304.922214
9.037412,13,305.224676
45.65394,41,306.291609
10.702763,14,306.621947
14.248032,16,307.022264
32.515277,25,307.581454
57.329972,39,308.23179
23.785984,23,308.611575
20.301523,33,309.310031
17.860233,21,309.697344
26.201253,23,310.281774
8.071822,13,310.574424
6.917147,11,310.828723
7.386964,20,311.287807
24.03838,21,311.737554
14.250483,14,312.047457
38.504354,35,312.840135
8.759406,11,313.091909
15.00277,29,313.615714
47.180097,38,314.498001
16.71508,17,314.819295
22.705864,31,315.440325
12.402736,17,315.792266
22.550075,23,316.295435
14.418292,16,316.730216
7.108385,18,317.107784
17.859755,22,317.696449
8.861351,12,317.987364
9.932477,15,318.467062
11.856214,15,318.945613
12.257305,19,319.437054
9.680998,15,319.855794
66.837818,62,321.323231
16.064375,23,322.03217
8.080382,22,322.627312
7.370262,10,322.953424
33.495153,37,323.854606
5.721945,8,324.033521
140.096904,79,325.76662
14.01412,22,326.224387
91.53662,58,327.543834
28.335177,31,328.092007
12.767769,23,328.570229
7.48146,10,335.153815
56.750937,43,336.262777
204.079647,128,338.888256
21.300772,36,339.704697
18.593094,17,340.017728
28.70102,28,340.63041
213.768871,101,342.633137
18.987473,18,343.005399
7.109303,12,343.243858
16.144874,20,343.618289
96.357251,77,345.215181
20.068711,20,345.613262
117.139132,64,346.876693
87.589093,55,348.406794
115.746882,77,350.649889
151.056974,81,352.466174
8.750886,12,352.701875
17.259706,16,353.019581
32.56211,26,353.648584
19.268374,18,353.924877
29.298483,25,354.423397
33.936785,36,355.141751
7.275432,10,355.345578
18.296212,21,355.856949
23.337737,23,356.296277
37.441779,40,357.060998
8.278655,11,357.289694
18.829038,22,357.701016
58.814639,41,358.570187
9.559343,13,358.816555
9.62274,12,359.028959
49.729737,36,359.6901
18.222291,20,360.200158
8.037555,10,360.383601
50.512879,55,361.559828
39.924686,32,362.385495
14.224917,16,362.635314
175.154333,86,364.564534
20.682627,19,364.912391
10.14602,17,365.292517
76.868688,57,366.755703
88.057675,51,367.807821
17.747608,17,368.182811
23.825979,25,368.852996
8.411101,12,369.051569
50.385815,42,370.022575
16.687223,20,370.506547
43.560813,42,371.579744
42.30015,35,372.331991
9.086952,20,372.724973
89.167226,61,374.067633
83.709959,47,375.01213
25.189963,24,375.597749
48.126602,35,376.330663
37.227702,31,377.003664
17.288446,23,377.655232
7.680615,12,378.001392
22.381397,42,379.16548
11.228889,12,379.547755
85.831983,53,386.619029
123.996693,62,388.100957
91.526002,51,389.249121
21.717224,23,389.721835
106.430269,64,391.237782
75.436287,48,392.20594
126.492539,64,393.52788
27.015362,33,394.086705
12.138662,26,394.550158
82.19288,48,395.505203
113.803392,59,396.535793
71.847124,48,397.543962
51.204502,35,398.184547
88.519047,50,399.128538
26.700289,26,399.718254
36.579107,39,400.441464
48.20377,51,401.557766
59.975588,52,402.479887
24.789156,38,403.160819
83.747753,48,404.186504
72.910839,43,404.935552
12.913086,14,405.206926
26.948463,37,406.108747
74.684432,44,407.047512
102.508713,59,408.861801
99.984966,60,409.951967
251.724516,131,412.423572
85.135214,54,413.683533
16.44952,26,414.342546
129.796854,81,416.529537
203.215002,89,418.958699
136.68901,71,420.577283
11.870046,14,420.866603
88.60731,50,421.996731
189.452635,85,423.996431
18.025625,19,424.49079
89.50581,56,425.758713
46.003483,44,426.637757
46.217267,43,427.668442
25.928805,41,428.621177
68.013432,45,429.724491
42.170672,31,430.495739
160.64752,75,439.575054
18.644043,17,440.055778
77.847099,47,440.924165
75.486674,44,441.855758
232.979586,98,443.720123
9.394999,14,443.965185
159.469833,78,445.745369
87.028214,49,446.789907
96.894954,54,447.735305
13.468958,14,447.978345
129.536465,80,449.631179
129.495296,70,451.075882
18.142648,16,451.495017
171.325818,77,452.875536
72.683471,43,453.639696
22.139769,21,454.063827
104.25858,95,455.983845
94.836854,52,457.093932
74.128996,45,458.158136
159.630466,79,459.62193
11.767106,14,459.900289
7.565129,10,460.100494
138.802505,69,461.564293
173.424323,102,463.665902
62.733826,38,464.400297
95.934494,53,465.616727
173.279414,87,467.591697
134.39739,67,469.109878
72.558394,47,470.100543
139.984226,72,470.865353
107.461726,58,471.759525
42.144956,32,472.282079
151.051277,74,473.958495
40.780998,38,474.856957
144.913578,73,476.715372
149.52124,85,478.873284
161.23558,76,480.467232
210.128614,91,489.391315
100.183737,55,490.411648
71.950125,44,491.415612
100.139956,58,492.633994
201.032023,90,494.349953
213.373332,94,496.395784
87.394225,50,497.504598
165.704562,89,499.711452
203.222983,92,500.684058
95.138103,62,501.842161
216.592117,99,504.276054
57.808585,35,505.021206
139.343161,70,506.636226
94.472949,58,507.875751
143.589971,81,509.641837
86.642055,49,510.753839
106.321609,59,512.035768
21.799998,32,512.732833
35.758185,27,513.361885
211.420938,93,515.329627
85.702374,49,516.392448
188.062185,84,518.262211
202.458192,89,520.212479
200.810335,89,521.945594
214.336969,92,523.900576
129.881552,66,525.261636
151.104813,75,526.868065
165.494196,85,529.441042
184.78958,87,530.535601
220.301946,109,538.679437
105.239679,57,539.782756
210.801231,92,541.793424
192.565107,90,543.550294
201.461532,89,545.652556
219.061038,95,547.958963
66.456953,40,548.844815
101.518776,55,550.208799
52.49988,32,550.961741
187.352852,86,552.82518
68.055067,41,553.833368
199.340678,88,555.733492
73.476147,47,556.774445
208.385737,91,559.124646
106.169697,56,560.580942
228.10786,98,562.639842
156.365177,74,563.961533
124.5501,68,565.450141
80.357874,46,566.362399
161.144677,77,567.972881
147.331281,71,569.513803
217.089921,95,571.500058
64.657353,42,572.343618
69.02203,41,573.151324
213.65573,94,574.84751
216.104419,94,576.824097
209.364535,93,578.791008
211.442508,95,580.765985
213.458052,98,589.98014
214.589689,94,590.958061
76.159892,44,591.589355
211.019555,95,593.486946
217.890177,95,595.580819
197.439153,89,597.771218
207.829229,91,599.512538
206.516061,92,601.363752
210.844704,94,603.228981
217.43984,96,605.220223
200.165256,90,607.037548
208.791298,95,608.898199
213.536129,94,610.795465
218.625633,96,613.018775
206.018112,91,615.02632
215.734307,95,617.099679
207.783631,92,619.75756
163.479427,77,620.705483
208.15995,92,622.63578
203.157839,90,624.686449
211.94706,92,626.498598
205.007769,90,628.391074
202.02619,91,636.405975
205.325403,90,638.502257
97.243093,54,639.715459
201.762501,92,641.754729
219.000378,96,643.564461
178.973608,82,645.38978
180.293461,81,647.189885
210.880331,94,649.753325
59.306593,38,650.061674
203.417696,91,650.732379
190.597414,86,651.506183
175.025935,80,653.19476
213.673745,93,655.443233
220.496011,99,657.917072
223.26393,101,660.347876
102.0337,56,661.759683
206.389389,90,663.995741
208.59028,95,666.199859
212.292267,93,668.343706
154.283382,73,669.932292
117.822484,61,671.15938
206.162902,93,673.344573
192.405397,88,674.991722
209.671474,93,677.327982
205.008213,92,680.214485
213.740295,94,687.444721
203.042984,90,689.342144
207.661017,91,691.28947
212.302312,93,693.228254
156.741964,76,694.764017
213.995896,94,696.767
204.103548,89,699.016752
208.502956,92,701.300236
213.514216,93,703.585338
209.50356,92,705.61022
203.27157,90,707.924648
208.801043,93,710.885222
209.415151,91,712.392557
193.28108,88,714.555391
201.731998,89,716.79726
207.66017,90,718.743124
205.8886,91,720.942684
211.873636,92,723.024892
217.218472,96,725.039252
209.245766,93,726.948824
200.834452,88,728.725011
205.279358,90,730.24833
205.234272,90,738.4163
207.133814,91,740.132562
208.987317,92,741.804122
212.720413,96,743.890025
198.35844,89,745.839985
65.3149,42,746.699642
205.539601,90,748.554282
211.159182,93,750.56709
213.046343,94,752.688189
212.186486,93,754.622602
204.96676,91,756.82987
210.485581,92,759.061656
213.953138,93,760.960414
210.037076,92,762.998101
206.545656,91,764.923368
216.201461,94,766.684378
214.68693,93,769.499359
207.654407,90,771.624719
209.200193,93,773.423821
211.524605,93,775.361791
216.180811,94,777.293269
214.595681,95,779.343496
213.891833,93,781.199186
207.167778,93,788.263219
232.533625,116,790.502339
210.924671,93,792.451556
207.725911,91,794.442707
217.485756,94,796.497638
192.180359,86,798.529838
214.616844,94,800.671684
213.142092,93,802.312024
214.774403,97,804.023173
212.725959,93,805.551516
209.517893,92,807.433837
210.44266,92,809.202194
212.255759,93,811.056764
212.266573,93,812.966725
206.491788,92,814.641656
207.839588,92,816.418803
207.794836,92,818.220343
209.572468,94,820.058572
213.213688,93,821.936728
212.980363,96,823.861318
212.508404,98,825.755262
212.653576,93,827.797955
204.776302,89,837.007904
213.283851,94,839.240879
207.793306,92,841.415879
209.278077,92,843.490919
213.117077,94,845.635519
206.34903,91,847.398236
209.726758,92,849.373651
205.146907,91,851.363865
204.826476,90,853.237324
208.920477,91,855.229928
201.754836,90,857.376571
214.378631,94,859.820439
209.809917,93,861.240513
215.214435,94,863.479954
205.150924,93,865.638582
208.479801,92,867.758295
211.049817,93,869.847613
211.43811,96,872.206399
208.248011,90,874.267017
201.838059,89,876.252259
206.550479,91,878.444766
205.821473,92,880.578802
197.907219,88,888.872198
226.771571,101,890.397354
208.991071,92,891.764179
207.474696,94,894.039505
213.686662,94,896.243649
214.136382,93,898.021605
210.96709,92,899.721312
208.852982,92,901.558079
210.035442,92,903.502158
218.669547,99,905.63569
210.268465,93,907.603537
210.738515,92,909.551733
215.274981,94,911.541679
216.550637,94,913.50338
203.149144,90,915.383905
210.520557,93,917.463772
217.514037,97,920.38989
216.263635,94,921.464186
208.648156,92,923.162455
217.812897,95,925.110899
211.384675,94,927.486557
218.033385,95,929.783768
210.035241,92,939.228264
211.000315,92,941.405525
217.277651,94,943.644277
230.384481,99,946.108601
212.624645,93,948.306338
214.261855,93,950.891385
216.015404,94,952.944175
209.585581,92,954.866578
210.968334,92,956.855072
206.442579,91,958.835767
217.364508,95,960.646487
211.662544,92,962.488959
211.898662,94,964.339213
213.94567,93,966.167097
209.068075,92,967.883585
203.891186,90,969.871941
213.07033,94,971.860168
211.077807,92,973.745191
198.039054,87,975.640328
213.870079,93,977.570053
208.277607,90,979.402062
209.519345,91,980.708747
235.380422,102,989.627242
219.716508,96,991.635838
216.461472,94,993.542008
209.683079,91,995.276591
218.408559,97,997.278896
216.098646,95,999.190178
209.994392,90,1001.122188
219.450577,95,1003.125771
215.364992,94,1005.165174
218.814014,97,1007.38462
221.445893,97,1009.878129
231.044329,102,1011.06617
217.457698,94,1012.903108
219.092365,96,1014.873665
227.084461,101,1017.14335
215.099854,93,1019.282571
209.014536,92,1021.494414
218.357931,95,1023.39874
218.029063,95,1025.319701
214.831048,95,1027.312214
212.63608,94,1029.279214
218.27014,95,1031.308754
226.577343,100,1040.4515
216.037006,95,1041.106611
215.110909,94,1042.54311
209.606747,91,1044.387197
226.954593,99,1046.451133
230.025046,101,1048.60224
217.278381,94,1050.533102
222.453758,97,1052.292114
240.058109,114,1054.563798
222.86992,98,1056.735921
226.549305,101,1058.945703
222.201387,99,1061.12104
215.244194,93,1063.31861
213.033885,92,1065.460265
225.418244,100,1067.132078
220.912434,97,1069.51981
220.822455,95,1072.079812
218.681083,95,1074.092216
210.101366,92,1076.202662
227.129029,100,1078.529369
219.122191,94,1080.400665
221.860234,97,1089.606084
222.525314,96,1091.63497
225.649381,97,1093.523901
224.490427,97,1095.542908
216.665548,95,1097.339819
225.140486,99,1099.315861
225.713786,99,1100.740487
223.397747,96,1101.697074
213.252587,93,1102.985206
239.743663,102,1105.044094
216.861623,95,1107.82336
216.1584,96,1109.918183
213.304693,93,1112.094391
217.761831,94,1114.335048
217.939874,95,1116.678847
222.769561,98,1118.913933
212.939337,93,1120.957018
223.39103,99,1123.208666
225.060433,99,1125.424111
214.480571,93,1127.579926
234.283523,104,1129.995473
225.833471,100,1137.700913
254.091299,110,1140.326308
218.561841,99,1142.493794
228.391466,99,1144.671834
226.857335,98,1146.790915
214.428647,96,1149.202425
234.68013,105,1151.508667
231.763268,100,1153.640632
219.059535,95,1155.648681
224.469061,99,1157.75091
218.433828,97,1160.099413
217.658875,96,1161.557496
229.203348,104,1163.615117
223.576476,103,1165.68083
230.901409,100,1167.781989
216.320181,94,1169.524483
221.455631,97,1171.524952
234.807586,105,1173.764424
221.937627,98,1175.712248
225.557322,99,1177.699607
233.669344,103,1186.486183
229.442767,101,1188.630969
233.677903,102,1190.807008
231.684548,103,1193.132243
226.391184,99,1195.643041
223.966927,99,1197.919457
221.533866,97,1200.152492
259.623363,114,1202.637645
225.854339,101,1204.762276
220.753769,97,1206.672069
222.073173,99,1208.708118
226.659741,99,1210.970613
227.2144,102,1213.503792
235.021284,104,1215.868552
234.278085,101,1218.899251
235.811126,104,1221.577259
218.694051,102,1223.585088
225.81341,101,1225.530033
226.059957,101,1227.613322
237.856634,104,1229.70779
230.210163,103,1238.389757
293.153613,119,1240.682726
234.721452,103,1242.662498
227.3532,101,1244.686329
218.378886,96,1246.740332
232.070383,102,1249.239551
241.989949,105,1250.564461
239.478417,105,1252.076385
230.390751,101,1254.351193
252.529445,111,1256.635385
235.575085,105,1258.783526
236.810689,105,1260.914929
246.292756,108,1263.017996
234.201469,102,1265.088741
234.019651,103,1267.625057
277.363438,118,1270.227261
254.290337,111,1272.780429
224.103055,101,1274.844033
270.042105,118,1277.089858
233.881493,104,1279.310787
240.352171,106,1286.761757
234.239544,105,1289.135789
292.383343,122,1291.910241
239.797864,104,1294.15784
247.463436,110,1296.542029
243.777329,107,1298.417998
262.478294,114,1300.98043
286.405578,120,1303.784044
264.493347,115,1305.856966
226.204565,101,1308.158498
232.475452,103,1309.822384
261.173872,112,1311.671596
247.356628,108,1314.12306
250.84364,110,1316.492549
247.515207,108,1318.74881
268.001642,115,1321.188813
260.805698,115,1323.556514
246.413274,108,1325.96149
233.400602,106,1336.680099
270.591355,118,1339.383864
300.917812,124,1342.514716
241.132366,107,1344.111592
283.201034,119,1345.868682
263.802118,116,1348.803446
257.266488,112,1351.670769
242.07315,107,1354.212028
246.649898,107,1356.900865
321.719707,131,1359.801219
250.038476,110,1361.985951
325.761346,132,1364.600019
255.066831,110,1366.240849
289.600402,120,1369.131869
277.456694,116,1372.107479
278.955141,117,1375.007131
271.884452,115,1377.553509
247.854157,110,1379.786214
285.35265,120,1388.062856
313.628235,128,1390.648703
301.504273,126,1393.206467
302.96475,130,1395.852247
283.910888,126,1398.836047
311.195311,126,1400.752432
275.631057,115,1402.62153
279.241302,117,1405.374558
331.274174,130,1408.372575
250.98892,109,1410.81254
304.089647,124,1413.725863
242.911284,108,1415.992513
268.409644,114,1418.959673
264.184299,116,1421.464283
302.196794,122,1424.025187
281.335148,116,1426.415169
284.415523,123,1429.848155
319.711676,132,1439.190554
319.221086,130,1442.036288
313.212674,127,1444.898536
318.999986,133,1447.877932
291.829431,127,1450.790293
300.385391,131,1453.400147
307.533773,123,1455.895673
270.970581,119,1458.413825
317.420361,133,1460.693835
326.336051,133,1463.233991
295.51511,124,1465.950854
272.326227,119,1467.840044
322.806424,130,1470.404996
239.767615,106,1472.705942
311.362225,137,1475.71972
282.71915,119,1478.233164
303.740654,127,1488.255438
322.434776,132,1490.710862
313.373866,133,1491.437986
286.666692,122,1492.814396
318.852007,138,1496.127878
343.61484,136,1499.200369
316.651329,129,1502.14064
298.111074,131,1505.209268
343.07693,143,1508.122009
322.275881,131,1510.792114
301.422945,124,1513.448555
314.773814,131,1516.87354
317.00923,131,1520.066526
316.987849,129,1521.756035
311.728219,129,1524.825513
297.723083,125,1527.608689
321.555872,132,1538.636925
320.201496,130,1541.303187
310.055494,137,1544.529711
302.788529,129,1547.595714
332.640339,140,1550.362585
323.354517,131,1551.837808
296.216766,130,1554.801774
320.937529,133,1557.893942
269.527963,117,1560.153802
318.096102,131,1562.999101
288.175034,123,1565.655787
308.108803,135,1568.387131
313.060042,130,1571.06807
327.118602,135,1573.820302
321.270571,135,1576.660609
321.952844,137,1586.420102
306.950533,130,1589.380403
317.337861,134,1592.746969
315.005945,131,1595.769498
344.210283,138,1599.106021
312.836425,132,1601.934916
309.137545,134,1604.774861
319.549541,137,1607.95188
306.09491,130,1610.245805
315.766629,139,1613.026752
292.006946,126,1615.717345
289.735875,126,1618.360467
284.068531,129,1620.887195
346.603865,139,1623.661762
292.831917,129,1626.113362
323.544903,139,1628.78705
353.273305,146,1639.106044
325.683964,140,1640.572769
331.257464,137,1642.900339
334.803119,138,1645.790679
312.706184,131,1648.805842
314.33626,140,1651.797808
303.640542,131,1654.590797
299.504986,130,1657.235376
298.867082,128,1659.810635
322.662624,137,1662.545929
276.655232,119,1665.081267
312.706407,145,1668.47392
338.868002,137,1670.862718
283.574678,123,1672.935517
299.174119,127,1675.642552
339.467792,145,1687.202154
325.867253,135,1690.488966
379.351475,148,1693.755533
321.961897,136,1696.735846
318.722897,134,1699.925278
310.093856,133,1701.794566
320.568506,142,1704.14587
339.777196,133,1706.804705
310.021746,132,1709.391663
312.396817,135,1712.23157
312.433141,139,1714.942414
296.919976,135,1717.614276
354.629982,149,1720.65135
311.419308,131,1723.193993
347.36196,141,1726.011709
296.882706,128,1736.172251
332.232603,139,1739.400144
341.441961,138,1742.784524
319.98031,137,1745.609053
333.010415,137,1748.584005
329.46712,135,1751.476341
311.681222,130,1754.075793
327.832853,137,1756.90907
306.251832,133,1760.55125
344.311859,143,1763.503725
328.65354,142,1766.379807
325.330825,138,1769.352983
331.550715,137,1772.144056
341.948938,145,1775.080287
361.810499,147,1778.075331
314.065351,132,1787.517313
339.164287,140,1791.636491
370.078287,148,1794.807821
336.478426,141,1798.051651
355.09186,140,1801.452485
326.025891,136,1804.463655
345.993665,140,1807.189733
343.600235,143,1810.340235
315.333487,131,1813.057291
339.056463,144,1816.081375
366.341794,143,1819.690397
358.707027,148,1822.696768
359.262483,144,1826.00036
346.329491,145,1829.163822
357.02803,143,1838.863672
341.306939,135,1841.937176
331.858387,141,1845.128854
371.432271,143,1848.198517
338.972308,139,1851.566919
342.451321,139,1854.313091
315.55245,130,1857.122153
379.828249,150,1860.119424
332.949865,139,1862.947254
366.718315,144,1865.688278
339.023878,139,1868.672357
369.611253,151,1871.709523
359.39203,145,1874.753014
353.45967,142,1878.119325
341.733483,136,1881.423769
368.693404,145,1891.642205
337.080939,140,1895.00499
343.576451,138,1897.889169
338.634289,137,1900.577252
392.578239,148,1903.568883
341.28768,138,1906.274416
420.108534,163,1910.073271
335.298618,139,1911.505603
373.988987,146,1914.479001
345.097714,141,1917.573438
379.479213,149,1921.295704
349.709851,141,1924.354424
353.285146,145,1927.597899
350.066145,146,1931.007139
389.518669,155,1941.689155
384.741886,150,1945.19746
348.016032,144,1948.556957
361.988607,144,1951.767143
373.346514,144,1954.691891
358.472396,142,1957.572722
400.00881,152,1960.765708
361.857452,143,1963.637166
358.282436,142,1966.533484
344.259427,143,1970.162546
381.806524,156,1974.139784
381.096146,146,1977.098811
370.447705,150,1980.695719
318.035468,147,1984.021684
376.885066,149,1993.89065
390.588757,153,1997.246529
356.288363,142,2000.53587
581.450629,205,2004.31572
357.082293,145,2007.629156
400.28973,150,2010.933663
370.126119,147,2013.931632
384.013839,155,2017.080249
352.842057,138,2019.843723
419.019223,164,2023.230447
365.967995,149,2026.145063
365.037314,148,2029.904294
380.061279,150,2033.007873
393.903489,160,2042.790501
350.642646,142,2045.618573
395.981621,156,2048.833524
403.718582,152,2051.751146
377.531277,150,2054.643507
363.897912,145,2057.504894
367.90404,150,2061.558248
382.33987,149,2064.561972
343.049987,139,2067.4257
386.934773,152,2070.470163
375.089009,144,2073.352118
372.545036,144,2076.200429
305.380002,148,2079.431623
465.449689,192,2083.40462
357.553248,140,2094.194444
388.070975,154,2097.926052
581.306184,203,2102.643725
624.226121,219,2107.634928
371.346096,149,2110.74011
372.811367,144,2114.088657
363.86996,143,2117.816773
361.009694,144,2121.513365
386.902865,151,2124.124108
540.874471,192,2128.403619
381.131509,149,2131.743143
402.42179,151,2135.048781
418.392832,158,2144.845299
382.49814,152,2148.736545
390.516406,146,2151.376774
359.458286,143,2154.862424
389.215176,146,2158.291942
414.111664,158,2161.859229
413.255342,157,2165.515352
389.598985,147,2168.570372
451.265721,176,2172.258331
401.867761,156,2175.709422
386.49392,149,2179.567363
443.534812,167,2182.476068
388.206769,153,2185.89446
421.953352,160,2189.321408
406.594389,154,2199.661204
396.463991,153,2202.812299
386.585452,147,2205.801383
389.434455,151,2209.556239
625.34806,217,2214.331321
412.619019,159,2217.610672
446.529925,166,2219.925937
390.068029,150,2222.87105
390.147947,150,2225.891262
404.436343,159,2229.215298
389.786783,150,2232.825843
404.777133,156,2236.212132
403.664519,155,2240.08794
417.289518,157,2250.823348
422.415347,157,2254.0328
406.676765,161,2257.350984
574.181908,202,2261.472542
446.124454,167,2264.55742
352.557301,138,2267.272164
435.423794,160,2270.791815
562.85878,212,2275.317035
371.758616,141,2278.60925
387.892101,149,2281.847247
369.634684,143,2285.222789
518.528562,188,2289.316408
403.900429,152,2301.3535
352.570233,146,2304.459375
595.153095,207,2309.190783
440.228163,168,2313.280748
619.051478,210,2317.995743
742.457311,259,2323.186682
406.641203,153,2326.209348
443.630777,162,2330.152232
424.539568,158,2331.9129
444.453559,170,2335.423738
634.736217,230,2340.126638
660.499036,224,2352.5267
627.012321,224,2357.725832
306.04658,141,2361.233332
631.079815,220,2365.782275
366.89183,157,2369.644672
618.396981,217,2374.539589
454.912881,169,2378.043026
668.212724,224,2382.924215
630.850027,215,2387.337429
672.321825,230,2392.95171
700.219123,251,2405.385029
658.25717,223,2410.080271
316.351153,143,2413.28872
330.928393,145,2416.557526
428.946707,165,2420.101038
421.669315,163,2422.964282
906.597306,292,2429.786809
669.654686,219,2435.222191
636.653739,229,2440.61184
324.684369,142,2443.939236
333.473242,142,2447.130687
694.218148,233,2458.849369
433.911776,161,2462.534635
645.176979,216,2467.529907
596.880181,233,2472.558522
690.966997,230,2477.731869
334.186113,143,2481.361177
914.935345,309,2488.539724
707.996741,236,2494.412937
418.324752,157,2498.22449
623.828549,225,2512.144633
659.877383,220,2517.629555
680.69534,229,2522.471776
592.707464,228,2527.146121
681.801305,226,2532.33017
626.139533,210,2536.522988
639.015874,215,2541.660868
676.415552,225,2546.337594
467.76088,173,2549.978801
492.9857,182,2553.606969
332.885697,146,2563.727207
660.695288,225,2568.834502
735.434623,253,2573.549206
634.50354,225,2578.76406
910.062879,314,2586.653616
934.851197,307,2593.531956
923.582342,307,2601.649178
925.051271,302,2608.466255
650.082952,225,2620.07821
736.715365,257,2625.744786
877.194105,301,2631.216932
700.513045,238,2636.447655
715.3862,241,2642.101796
942.492089,314,2649.608076
791.309593,275,2655.692274
650.5882,226,2660.417594
661.160707,230,2672.57962
319.151567,145,2675.748868
927.02392,299,2682.835618
317.813882,144,2685.913922
623.150031,223,2691.657875
284.118967,139,2694.851116
1392.873909,485,2705.841898
959.568422,315,2760.282786
905.495045,304,2853.222642
925.804832,336,2939.287282
916.192288,315,2980.767163
323.563474,144,2983.823246
890.097092,307,2990.513506
1134.458057,411,2999.283748
682.670668,226,3004.433441
944.097052,312,3018.130396
1049.789754,388,3027.668182
912.729713,324,3034.215859
688.385473,237,3039.858938
675.82922,233,3044.998875
318.376778,144,3048.662229
641.198823,235,3053.707878
569.009578,241,3058.902035
1174.183102,385,3075.527847
885.344473,307,3082.94511
465.035637,170,3086.673158
946.589988,347,3094.287895
936.336603,306,3100.789673
792.647561,265,3106.616345
944.56011,311,3113.835736
1088.558978,390,3129.22668
917.790535,314,3135.527878
929.577468,323,3142.761388
1430.114704,529,3153.606833
490.585074,177,3157.647979
687.439212,233,3162.595658
1147.855075,393,3177.178931
878.310125,296,3182.890801
945.899559,315,3189.233595
874.934448,323,3195.431989
1183.459067,410,3204.861367
791.868116,263,3210.080419
918.503534,329,3223.741663
1191.67971,394,3231.059547
1157.081229,393,3239.840362
304.958805,144,3243.095745
925.517636,327,3250.651693
715.39455,251,3256.249016
995.646912,338,3263.614716
909.750898,313,3277.620311
923.954326,301,3284.105399
948.665638,308,3290.816079
976.968625,321,3297.422535
1086.319484,359,3304.616565
891.976175,315,3310.97985
965.862205,347,3326.60092
291.455414,144,3329.704827
1150.997918,379,3338.143563
1198.64964,395,3347.533239
972.594645,344,3354.647196
928.444925,339,3362.087546
984.850592,322,3375.325587
937.146876,313,3382.630396
708.142107,241,3388.224586
996.622486,347,3395.983557
969.751587,351,3404.07189
910.39321,299,3410.793902
1199.063616,409,3420.039798
298.561812,142,3431.069607
1156.921999,404,3439.977087
914.879014,312,3445.304317
1262.76761,417,3454.983851
978.151924,355,3462.031651
1782.626177,599,3482.794373
1303.752264,431,3491.784661
1286.872554,447,3500.528793
995.747602,360,3508.210913
1121.481859,393,3516.808695
940.048282,308,3530.035928
922.699283,311,3535.589612
967.571589,333,3543.102929
966.56701,319,3550.572942
811.305218,263,3556.755217
691.557459,237,3562.379656
953.847626,326,3569.664887
939.295731,329,3584.540445
1486.064074,486,3596.196442
1385.379754,468,3606.221024
1415.823791,486,3616.939257
1252.362887,412,3623.898282
994.518526,343,3638.616787
1232.210194,407,3647.309341
1072.035041,353,3654.805507
985.578129,332,3661.808152
1201.275692,386,3669.787785
1070.159368,364,3686.304782
979.200599,315,3693.417904
1788.109623,619,3706.985734
1469.028133,495,3718.361235
315.774476,146,3721.943865
977.912642,317,3728.989217
1253.34609,415,3745.210503
936.78931,318,3751.975962
1763.39648,579,3763.731461
934.929259,302,3770.774742
1690.670968,553,3789.827537
1231.920252,411,3798.817033
1837.097303,607,3812.194052
1831.354191,604,3825.771445
1494.279968,483,3844.134614
1633.246727,535,3857.210323
1403.076254,456,3867.006489
1463.177327,480,3877.92364
1548.70789,525,3897.400768
1023.477192,328,3904.503204
1242.355018,408,3913.161208
964.632353,324,3920.150047
1325.566134,431,3927.444083
1194.453982,409,3936.92943
1101.695944,375,3954.823843
1714.522285,594,3968.186092
1080.250102,346,3975.773703
2273.617008,720,3992.904686
1523.954293,496,4011.079299
1028.458948,328,4017.946763
1523.050468,498,4028.733915
1582.280087,503,4040.15044
1183.07919,383,4055.538228
1568.21665,494,4066.616701
2383.9697,761,4083.11172
1802.853228,560,4094.48909
3117.569105,1000,4124.02825
1387.647103,442,4131.824445
2406.427634,789,4148.5431
1740.699465,573,4169.842017
1807.3649,572,4181.597043
2690.405005,856,4199.960167
1789.995192,593,4221.747843
1777.729595,550,4233.237942
1578.516297,520,4244.29544
1501.307298,491,4264.179237
2159.898809,694,4281.03871
1611.350517,510,4291.086607
3233.826006,985,4319.209134
3086.879496,984,4340.634623
1629.031001,493,4351.527776
1375.179897,433,4368.490998
2589.177887,833,4385.79151
3061.958441,1000,4407.25374
3034.874062,945,4436.276468
3047.665362,1000,4459.344097
3120.826837,1000,4487.542301
3120.803585,963,4507.10279
3045.740167,1000,4538.461591
2235.207452,714,4553.890077
2543.868923,819,4578.490244
3033.077991,1000,4598.6095
3069.158096,1000,4629.613412
3202.300228,1000,4652.693227
1933.683504,607,4666.763089
2537.025912,796,4692.243138
1976.499524,623,4706.701476
2423.644228,749,4724.056462
2582.111331,810,4749.860415
2284.363654,713,4766.113195
2000.789243,619,4779.145933
1720.88466,558,4799.90439
3190.352915,1000,4823.822914
3213.979104,1000,4851.712023
3277.481872,989,4872.999445
3076.606775,1000,4902.594453
3065.656917,935,4923.69697
3021.10143,1000,4951.611576
1425.071377,450,4961.429655
2421.166651,729,4977.924226
1498.566488,468,4989.083928
3164.281209,1000,5019.020516
1987.338507,611,5030.7428
1349.417867,423,5040.127959
3124.035933,1000,5069.717944
3178.671824,1000,5090.621066
3177.82967,1000,5121.506521
2262.523865,731,5137.482794
1983.085689,642,5157.841125
1992.08396,672,5173.222388
923.758599,325,5180.693811
258.331333,133,5183.305297
1161.157359,403,5192.45939
3134.320294,994,5221.338188
3210.035412,1000,5244.935919
906.349212,321,5252.702515
612.430414,224,5264.497105
1554.077565,479,5273.928584
1258.175963,405,5283.951239
3275.352958,1000,5304.954456
2397.298435,729,5327.855256
3309.051637,1000,5347.459147
2278.303398,708,5370.113105
2524.908757,773,5388.791255
2039.312401,637,5403.060051
3256.90457,1000,5432.851955
2752.099775,861,5451.128207
3257.242855,1000,5480.639953
3162.536273,951,5505.256737
3222.734522,1000,5759.933051
3326.988787,1000,5780.516897
1203.593858,386,5785.142066
2951.930572,904,5812.239412
3051.965449,954,5834.632079
3172.698218,1000,5865.162827
3205.901648,1000,5889.143773
3248.61846,1000,5919.725091
3185.209856,1000,5941.396632
3176.589753,1000,5972.153615
3220.299335,1000,5991.817723
3212.802295,1000,6021.915107
3115.245129,1000,6043.941409
3108.042981,1000,6071.188063
3167.34786,1000,6091.97262
3147.036899,1000,6118.635228
3031.137411,920,6138.408349
3131.629868,1000,6167.686818
3186.140273,1000,6189.895614
3173.677557,1000,6220.25008
377.365718,143,6223.534878
3154.00475,1000,6246.684752
3139.362722,1000,6275.157802
3112.42023,1000,6297.590751
218.4364,118,6300.160461
220.167884,117,6302.785096
3033.48667,1000,6332.270828
2908.000805,955,6354.241948
3118.674652,1000,6384.590389
3198.012877,1000,6405.29089
3094.177192,1000,6433.664127
1717.259445,556,6445.850117
3054.532937,956,6466.980948
2239.421375,700,6489.384125
350.85795,143,6492.304508
3174.792647,1000,6513.801877
2753.606261,838,6538.896035
284.952762,133,6541.783855
1246.067919,402,6550.344309
1195.677263,388,6558.588835
2365.077933,740,6574.796771
319.996499,135,6583.832027
1182.270888,373,6590.441252
1491.695747,482,6599.124554
3181.361821,1000,6621.535772
3140.924069,1000,6649.919988
2324.527124,721,6665.716334
3194.5153,1000,6696.892791
3223.455833,1000,6718.889491
1401.832309,445,6728.661983
2755.40753,862,6755.635056
2329.326121,722,6772.198734
2258.860482,709,6794.329164
1161.199209,372,6803.407934
3206.39221,1000,6826.770728
3159.112365,1000,6855.199009
2364.639167,762,6870.223833
3172.288732,1000,6898.555
2025.405514,639,6913.681746
3145.922198,1000,6934.870902
3136.561786,1000,6962.500396
2306.477261,730,6979.134491
3230.116825,1000,7006.191808
3164.023476,1000,7027.470689
1002.934098,326,7034.114233
1991.439009,634,7055.629755
3094.576688,1000,7076.412312
3138.42092,1000,7101.79654
3128.640607,1000,7122.487613
3190.487733,1000,7149.066044
3122.451991,958,7169.307986
3132.551853,1000,7196.698928
3135.275209,1000,7220.167045
3141.034364,1000,7247.73969
3129.536689,1000,7271.304292
3194.570394,1000,7301.747626
3081.252103,1000,7322.416686
3082.563325,1000,7351.283996
3180.44226,1000,7373.154804
3092.743922,1000,7405.256543
1402.698929,469,7416.521119
2278.064843,735,7431.462838
1370.716783,442,7441.061394
3128.042557,1000,7471.075722
1615.77371,489,7483.006243
3164.186143,1000,7511.868801
3105.542227,953,7532.944451
2285.95654,727,7548.841175
2667.39759,804,7573.597899
2019.558632,617,7587.739003
1345.393408,425,7596.764986
1218.050321,389,7604.763726
1801.297743,560,7624.671858
2528.716734,788,7640.43827
1191.273202,377,7648.857779
1295.64981,420,7658.495864
2826.252752,862,7684.239216
2888.636798,869,7704.078422
3065.482413,923,7732.754038
2256.767561,674,7746.499226
1416.281374,430,7755.43448
3346.613116,1000,7784.69609
2935.009712,887,7803.256992
1400.815472,445,7812.083752
2006.471918,623,7833.756332
1382.355884,442,7844.134719
2296.614973,683,7859.960703
568.961404,234,7864.720764
1549.738088,470,7881.208043
3209.798066,1000,7902.857171
2071.281637,626,7916.96095
3292.901213,1000,7943.864245
3214.000925,1000,7965.804734
1092.172216,337,7979.143813
1148.969522,358,7986.794309
1153.385911,377,7995.773765
1430.53733,440,8004.682834
2309.79892,705,8027.552624
1134.592476,359,8036.024781
1718.417586,532,8047.89948
2566.932315,785,8062.067494
1174.761437,377,8077.647812
2808.231657,823,8096.518278
1141.694455,365,8104.700505
1901.477779,585,8117.602088
2366.362098,714,8140.203929
3309.136489,1000,8161.159033
1674.346197,523,8172.673528
2459.784084,760,8198.981024
3234.035906,1000,8221.467784
2604.252595,776,8242.481959
342.099426,155,8245.906317
1133.867976,359,8254.655838
1957.262427,603,8391.076146
2296.424463,705,8520.032302
3364.127552,997,8542.624197
1984.862665,603,8555.648979
2653.463364,798,8581.750375
2397.869057,723,8597.096999
1881.414169,578,8609.984449
3272.324467,1000,8639.694849
3303.477112,1000,8661.05792
3349.128075,1000,8691.288712
3329.592722,1000,8714.197409
1725.349983,522,8733.796316
342.272055,131,8736.557834
1491.631286,467,8747.503997
1616.224642,485,8758.506906
3341.542296,1000,8787.772711
1390.063878,421,8796.721724
2720.161309,852,8815.80113
1772.842381,546,8835.600219
2537.0186,745,8853.251856
1423.603081,448,8864.099283
2089.486117,619,8877.887774
3315.856589,1000,8907.695379
3312.395189,1000,8929.346174
2087.428659,619,8948.621883
1581.356976,471,8958.941537
3408.965453,991,8982.053912
2168.745058,649,9004.795489
1569.248639,477,9015.871419
1999.18722,605,9027.431922
3383.893396,1000,9055.319369
2281.285906,676,9070.306007
2201.616084,650,9085.06215
1441.653666,431,9103.549446
2072.763726,622,9118.598506
3316.319627,1000,9142.152905
2530.319486,753,9166.517458
3360.332406,983,9184.947207
1465.546163,435,9194.46511
2504.936806,732,9217.851047
3133.703644,924,9239.444737
1988.318458,585,9259.082072
1736.050362,529,9270.749764
3322.224694,1000,9293.551185
1514.287257,460,9303.870667
1927.643709,566,9324.228963
3003.978668,889,9344.72414
3261.078423,1000,9373.808858
596.933006,226,9378.683884
3295.061395,1000,9399.338711
1697.537702,537,9418.933211
1936.479829,578,9431.860476
2534.044267,755,9448.995893
3292.324995,1000,9475.89339
2451.33967,720,9492.249202
3309.269915,968,9520.915542
3299.680538,1000,9543.390432
3338.761567,1000,9566.383885
1666.661835,492,9583.862635
1934.46763,565,9596.577857
2466.941919,738,9613.663878
1433.55982,439,9631.30984
2556.895399,762,9647.948341
3315.356997,1000,9670.517198
2590.694634,776,9696.951036
3344.752888,1000,9719.810728
3283.393795,1000,9748.93199
3298.761636,1000,9770.59744
3301.203621,1000,9800.981487
3340.776083,1000,9822.430979
1987.963755,593,9842.386866
1382.355149,410,9850.537649
3357.33918,1000,9871.041039
2691.267603,793,9896.431767
2967.485134,860,9914.25591
1895.99894,554,9927.043696
2737.007711,798,9950.215209
1947.40402,572,9961.708528
1506.885031,443,9971.295455
1379.979663,415,9980.372814
1358.208487,398,9995.434208
1367.338877,402,10004.246709
1929.643527,573,10017.821402
1963.430351,578,10030.916425
2501.719485,725,10055.048473
2674.670053,791,10072.923677
2352.309992,691,10086.309513
225.756392,110,10088.999822
2927.584691,854,10115.469128
3357.270537,1000,10136.293648
1994.134749,581,10156.868563
1185.118201,354,10163.124216
1211.893438,355,10171.155511
3254.40705,933,10192.048897
1332.591168,391,10208.100559
2046.790177,596,10222.427253
1259.185276,374,10231.119735
1331.722972,392,10239.591857
1274.090316,372,10255.808161
2467.966661,710,10269.833972
93.65229,55,10270.963835
2449.642463,708,10285.0878
2667.739012,768,10308.330032
2623.193443,766,10325.405014
1400.490862,416,10334.408622
2283.350021,663,10355.684126
2630.612102,766,10373.384458
1228.94246,381,10381.903088
3362.602507,1000,10411.808821
1734.086145,513,10423.703959
3380.923541,1000,10444.045221
99.955292,58,10445.336901
1808.964085,532,10463.313691
2444.247371,718,10478.662162
1463.805368,438,10489.117032
1643.872786,490,10497.343602
2982.333143,868,10521.979836
1460.343919,438,10531.692623
1607.371368,480,10541.644201
2798.162173,831,10566.599663
1342.701841,415,10575.232689
1439.148048,426,10582.351683
2222.28535,654,10595.607719
3287.861924,1000,10622.784952
98.331271,57,10624.034422
2587.752112,757,10640.955765
3307.491318,1000,10668.131762
3023.306001,891,10686.787356
1595.372002,478,10697.654039
3305.559234,1000,10729.521305
3323.405283,1000,10750.622039
3052.356441,893,10777.223096
1428.019063,436,10785.658696
2765.060927,803,10799.497631
1324.828566,397,10813.874716
1241.248262,375,10823.076821
2073.471988,616,10836.773682
1637.630486,480,10846.670506
503.841904,174,10851.228085
2151.006195,639,10872.519698
1370.715901,410,10881.479898
1435.296562,425,10890.16393
1664.039807,494,10900.288635
1372.616593,415,10918.167065
1593.248342,477,10928.161127
2425.92048,733,10944.153073
487.116615,185,10947.75367
875.188814,279,10952.538139
1759.270029,523,10970.895773
2188.508545,635,10982.930715
1327.903184,389,10991.292562
2429.171335,716,11011.654333
1911.802842,570,11032.088859
1411.705953,422,11138.327628
2310.670093,682,11275.504202
1340.770042,409,11293.078853
100.156513,59,11294.467826
1667.016495,495,11302.854034
1226.675653,366,11310.85198
1661.270589,501,11321.901303
1103.768197,333,11329.408697
1630.537034,492,11344.580112
1450.918956,435,11354.037567
108.155691,63,11355.446697
192.062498,100,11357.672023
2423.894119,711,11371.950865
505.390383,186,11375.780694
1464.155225,453,11392.537204
2221.534147,657,11406.105937
231.294141,112,11408.243719
208.712735,104,11410.468986
1750.217556,513,11422.18002
1717.738324,504,11438.303305
1925.587082,570,11451.223989
107.097649,62,11452.119643
2112.58089,632,11467.102291
2071.367501,604,11480.524705
1409.66433,417,11495.13942
1110.770539,326,11502.008982
1598.887704,462,11512.803523
2111.151639,608,11525.743419
98.646127,57,11527.043447
1383.527443,406,11543.144908
1297.955616,381,11551.497859
1389.358261,403,11559.909972
2245.115461,653,11575.223222
1630.021054,481,11585.957946
1153.98832,341,11600.833018
100.683745,59,11602.06654
1859.167696,547,11613.145715
1115.653342,330,11620.105349
1925.000411,569,11632.91467
1838.067623,537,11650.188829
111.405265,65,11651.706858
2235.987912,655,11663.812067
1936.393933,578,11675.600166
1568.361031,474,11692.267908
1045.963018,324,11699.485172
1661.244688,492,11709.763876
100.382083,59,11710.889414
1313.720184,386,11719.171355
1510.451583,448,11728.757345
1049.490084,316,11743.474072
1120.945953,358,11750.664735
1899.258045,552,11761.548461
2278.884581,668,11776.130759
985.535809,299,11782.528739
433.374709,156,11791.828473
1381.788219,407,11800.437342
1307.100954,386,11808.61071
550.157207,184,11813.111192
1084.71301,320,11818.976608
2867.99953,834,11844.57624
1177.747729,358,11851.981878
1393.015181,405,11860.003841
1089.183999,322,11866.373028
1522.063887,449,11876.169006
1293.515565,406,11884.741541
1384.482523,412,11901.190158
1191.021334,350,11907.747976
1508.207265,439,11918.092165
1255.02705,377,11926.262304
1174.677707,356,11931.241434
1124.567946,334,11944.712249
1376.728874,417,11953.124299
885.646889,277,11960.433741
1513.07405,454,11970.890001
1280.715973,384,11978.831586
1683.448328,501,11996.976135
1177.0958,347,12003.983195
1326.245734,384,12011.812645
1069.032071,323,12018.707883
1161.604572,348,12026.609285
2408.803386,692,12048.021533
1016.967636,310,12054.455695
2750.183126,790,12071.325363
1681.785946,485,12082.620634
1278.603574,373,12097.059941
1252.459203,381,12106.205795
1214.156724,358,12112.723821
98.789101,58,12113.916304
1434.112486,424,12122.5621
1677.627474,487,12133.024234
1979.303322,605,12152.096731
1527.723638,456,12160.97769
1667.543987,490,12172.48027
1423.649151,425,12181.326478
2807.647618,815,12203.034669
3275.227491,945,12223.668158
1245.261207,374,12231.759468
1384.188431,403,12246.652764
1716.454079,502,12257.762775
3315.530686,1000,12279.129906
1760.174303,510,12296.95267
3345.235826,1000,12316.317813
3450.107319,1000,12346.414031
1631.866513,472,12356.444738
2146.341738,621,12370.277601
1341.053268,393,12380.551399
1826.071208,545,12397.031741
89.266148,52,12398.073775
3263.140712,1000,12419.236006
2827.60689,831,12437.947834
2293.631706,677,12458.475811
1899.095425,551,12469.368688
1244.721396,368,12476.647882
3320.255055,1000,12505.931865
2074.370523,595,12519.326763
2624.251156,758,12536.276004
205.018012,102,12538.592959
1861.00494,539,12556.602515
2984.521578,853,12574.048901
1549.705676,447,12583.520598
3284.808671,1000,12609.266133
1653.213354,487,12619.964061
1479.383201,444,12628.309158
3315.704571,1000,12655.199856
2390.077709,695,12670.496618
2908.753597,851,12695.277183
2828.434976,817,12713.153936
84.322339,50,12714.309632
3046.496739,882,12732.641611
2199.632247,635,12754.673543
2330.469791,682,12769.984818
1953.102042,562,12782.754644
3356.587279,1000,12812.830451
1120.271781,326,12820.018076
2006.306247,583,12831.255318
93.359055,54,12831.541057
2989.155582,868,12856.772023
2147.075124,626,12870.868334
2284.744437,654,12885.032565
2247.635161,660,12903.941331
1816.64897,523,12915.805341
762.468756,238,12921.657852
2461.17983,713,12937.645665
3217.343328,921,12965.212
521.606985,173,12969.008611
3254.951721,937,12988.377232
1241.127053,365,13001.71548
2379.534239,685,13017.05138
2533.951518,738,13032.625083
2440.006168,702,13056.261154
87.321175,52,13057.682982
1245.795772,370,13065.380071
2290.118835,657,13077.89781
1966.151029,572,13089.639951
1095.039878,318,13104.903692
1055.367731,308,13112.135933
532.27503,175,13116.320216
2169.029719,628,13130.449387
1384.329759,411,13139.383744
1370.180538,394,13147.617129
1103.230191,325,13160.939549
3415.14736,1000,13182.055861
2052.635488,603,13195.166066
657.252892,210,13206.561102
1369.879197,400,13214.799124
1099.285965,321,13221.570076
3386.184853,1000,13243.35593
3368.215172,969,13272.654483
1248.237463,366,13281.312948
1814.158417,528,13293.279184
2440.002649,711,13315.340973
2737.721582,781,13330.502944
3436.429583,1000,13350.949247
1427.162488,418,13366.275465
1609.923885,472,13374.804256
3376.596677,1000,13395.762993
3235.595229,938,13423.261318
1297.980145,377,13431.680098
1847.086505,534,13443.057719
2156.635351,636,13463.565226
2553.412099,729,13478.559911
1774.893364,515,13489.426528
1949.971271,560,13499.802678
1254.634653,371,13513.628685
1699.268611,489,13524.616607
1255.742937,369,13532.838874
1467.677087,430,13541.723938
3078.486216,898,13567.306367
86.464983,51,13568.523966
3087.075842,889,13586.82106
1283.976601,388,13594.911932
1425.818868,411,13611.305078
1336.618274,394,13619.878116
3471.444075,1000,13643.270449
3400.570576,974,13670.448513
1391.072362,399,13677.530901
1651.570732,479,13687.955705
1125.944969,331,13695.632833
1421.558161,417,13710.521832
1628.198427,473,13782.29175
1981.007844,572,13928.047976
1439.393912,425,13974.23435
2599.074428,750,14000.496281
3357.856247,1000,14020.911806
1392.297656,406,14029.557217
1202.919328,354,14036.515544
1378.529088,398,14053.265217
2178.558665,623,14062.351753
1438.473987,417,14070.855413
1742.923336,499,14081.973305
3181.106238,910,14108.257305
1633.055652,471,14117.729477
90.064611,53,14118.77247
1386.772804,402,14128.020576
1402.305988,413,14144.642457
1243.098073,365,14152.777217
2826.441713,813,14170.446833
1262.468794,370,14178.886415
1242.676842,363,14185.235016
1425.082984,415,14201.430812
2410.474598,691,14217.118072
1357.092972,396,14225.341547
1730.256388,508,14236.361718
1577.879024,458,14253.503045
1218.801757,358,14261.127814
1143.03931,330,14267.904919
3419.353265,975,14289.513347
3373.891796,1000,14320.197878
3353.980047,1000,14341.259213
3378.919939,1000,14365.931772
3283.3041,952,14385.481595
1716.970439,504,14403.705423
2057.322262,585,14416.703788
2139.174329,615,14430.807811
1224.165369,362,14438.708111
1678.214583,488,14455.844437
1923.48375,558,14468.133676
1817.39143,526,14479.236691
2179.943386,625,14494.364594
1610.712049,463,14511.363488
1606.319491,463,14520.362656
1541.680845,445,14529.949447
1408.353243,412,14539.4282
1335.898832,389,14555.554314
2180.144123,627,14569.301996
1965.918238,572,14581.006561
3474.936671,1000,14610.007839
1447.029506,422,14618.923583
2953.733247,852,14638.004258
2520.690005,729,14659.724314
1931.92672,550,14671.85745
1467.363032,425,14680.798459
1400.721918,402,14688.61205
1630.939622,471,14704.802767
1596.721835,453,14713.471141
3420.501685,983,14732.655682
2490.833496,721,14755.184141
1655.82307,484,14764.767037
1410.940493,410,14772.666764
3345.307106,1000,14793.557935
2683.191461,764,14816.642323
2021.155276,604,14828.236375
2889.447545,830,14854.227393
1234.899158,362,14861.704122
1628.710738,480,14871.543898
1471.310338,427,14879.173202
1487.210213,442,14888.620016
2641.54624,752,14912.67378
2278.762046,669,14927.302322
452.013449,154,14931.284425
1986.649595,572,14943.623965
794.701276,239,14954.794025
1192.979268,345,14963.035537
1475.899548,427,14972.007753
2006.20098,582,14983.520042
2248.090475,648,15003.676105
1965.511171,560,15016.390121
2359.95001,680,15029.955895
1833.193759,528,15042.17784
3089.284453,884,15069.070908
3350.208361,1000,15092.225179
1549.633149,449,15108.009117
3329.691109,1000,15128.091668
1579.907613,454,15137.420403
2366.718526,694,15158.23199
1340.052409,396,15167.302506
2479.716186,713,15178.637812
1983.325877,568,15191.491848
1856.613194,523,15210.074986
3422.183319,1000,15231.224886
1809.181381,514,15242.421957
1621.592391,473,15259.369606
2612.511429,749,15275.686063
1315.976853,376,15283.950411
1369.288762,395,15292.457736
3355.731694,1000,15321.706001
3334.918381,1000,15342.051916
1262.149468,366,15357.269018
1334.764746,380,15364.559925
816.499643,242,15369.108714
3337.452919,960,15386.357574
3362.027311,1000,15414.703123
2176.979881,625,15428.081419
3372.469712,1000,15454.304372
2066.197173,596,15468.94041
1689.440063,494,15480.157799
1740.393047,497,15490.568695
3343.206655,1000,15519.635937
3359.494155,1000,15541.544882
2746.099852,791,15567.540756
562.397796,182,15571.397752
3305.723001,954,15591.402768
3271.669818,927,15616.972634
1492.080087,425,15625.885194
3404.622118,1000,15648.187479
2066.322915,606,15668.071931
1852.05583,532,15679.615373
2647.880234,745,15693.945437
2040.924388,580,15712.180504
3461.683456,981,15733.588508
3368.457274,1000,15759.177465
3378.726626,1000,15780.436629
3094.652677,871,15806.876465
1886.239109,544,15818.186635
3392.903142,1000,15841.015143
2152.125064,609,15863.87897
1361.32279,394,15872.374806
3402.040046,972,15891.845085
3378.398144,1000,15920.127679
3371.153451,1000,15939.304897
3251.566967,923,15966.699848
1675.475033,482,15976.452339
1447.865769,419,15986.585781
2097.82495,592,15999.998413
3393.134626,1000,16029.292423
2109.025973,606,16041.832144
3401.038514,1000,16071.335153
1636.622267,470,16081.740647
3408.771786,1000,16102.677158
2269.082608,639,16123.575974
3429.781598,1000,16145.762344
3160.517824,894,16168.729018
3420.238202,1000,16183.649964
3393.429391,1000,16209.602505
1435.842656,421,16219.126052
1977.296177,558,16230.916372
2100.833606,605,16242.007537
973.510477,286,16256.23744
2089.736998,594,16270.12832
2076.801845,589,16283.91677
2936.80244,841,16302.324233
1725.8366,490,16320.527912
2004.451112,576,16333.009344
3412.509168,1000,16355.206964
3396.602636,968,16382.204962
1986.245508,570,16393.932353
3408.412378,1000,16546.64332
2796.554278,797,16671.356193
347.959707,133,16674.196572
1721.561516,496,16684.935588
2718.926453,768,16711.835131
1693.199507,485,16722.274218
1443.628988,419,16731.542126
1130.339893,338,16739.374044
2802.493901,791,16762.65893
820.821242,243,16767.937021
723.173812,221,16772.365765
1424.625643,417,16781.33403
3437.112221,1000,16810.865618
3419.642496,1000,16831.471085
572.129704,194,16835.855379
2904.948873,818,16860.692697
3416.555729,1000,16884.192454
3441.514363,1000,16915.063128
3413.42606,1000,16936.505257
611.87965,195,16941.331979
2122.151837,607,16958.771899
2837.711995,798,16976.82294
2055.807757,577,16988.884105
3066.770452,880,17015.061964
3432.954847,1000,17039.288792
3425.698395,1000,17067.108221
1699.543026,488,17077.404765
3531.542696,1000,17099.210669
3406.141337,1000,17128.169393
3408.077424,1000,17151.139158
1234.573376,352,17166.0822
2548.112629,727,17182.939879
2848.632617,810,17201.504731
2330.509885,662,17222.881996
1756.862771,506,17234.486326
2747.041257,782,17251.173336
1809.640742,518,17262.665454
3019.368277,859,17291.256914
2841.5004,805,17309.631253
2093.949568,602,17330.311241
2434.395794,687,17344.859444
3391.299715,1000,17367.200857
1323.704122,385,17382.147831
2014.693308,580,17395.265551
2812.73498,796,17411.999123
1422.018228,404,17421.311928
3427.090463,1000,17450.812046
1730.707182,496,17459.754928
2236.160197,636,17473.94412
1478.613777,421,17490.476958
1462.373,419,17499.695027
3394.892155,1000,17522.023391
387.535396,146,17525.391136
2262.216631,645,17546.125568
2838.630728,804,17562.155509
2235.783206,638,17575.91261
2558.187744,730,17598.945016
3410.540063,1000,17621.569326
1430.613092,409,17637.078821
3132.67554,888,17655.239523
2593.345095,739,17669.978609
1717.574646,491,17688.185011
3492.153633,996,17711.611586
3398.887708,1000,17741.820959
2284.995118,651,17757.897302
1558.708815,446,17768.486456
3389.515784,1000,17799.894183
3406.349692,1000,17821.009085
1657.762117,474,17831.525821
3425.627216,1000,17860.581262
2555.018714,725,17876.717903
3406.18131,1000,17905.109675
2474.243204,705,17922.58701
3401.776378,1000,17945.538649
3371.018901,1000,17975.467577
721.149246,209,17979.386966
3513.02836,1000,18008.338543
1471.331925,434,18018.512285
1988.122895,567,18031.853482
2684.977981,764,18049.253226
771.068647,226,18053.873606
786.673652,234,18065.351411
3355.624414,1000,18087.728262
2265.596497,644,18102.00411
3502.884382,997,18132.665231
2131.740958,608,18146.651746
831.507731,241,18152.696789
3411.970215,1000,18184.414166
3384.363915,1000,18208.115552
1730.339709,493,18226.046404
2606.90582,743,18243.273065
3396.523702,1000,18265.889724
3013.635605,856,18292.126957
3442.786847,1000,18313.774437
562.58862,184,18317.370685
3447.055885,1000,18345.512125
2644.040306,739,18361.114162
2587.209296,732,18383.424253
1886.22762,541,18395.01505
3371.444173,1000,18416.531418
2608.687102,749,18440.180421
3393.002081,1000,18461.531114
1988.897053,570,18474.856793
3432.264863,1000,18504.209728
3348.635919,1000,18526.900574
734.363545,221,18540.149481
3337.782919,1000,18561.59973
3376.071445,1000,18589.79706
1868.825492,540,18602.306105
3375.186728,1000,18624.402887
3349.833044,1000,18651.584548
3448.203117,1000,18673.35995
2384.339524,680,18695.563998
1734.372085,505,18706.656272
1528.016457,436,18717.016182
3400.819807,1000,18747.144118
3366.432816,1000,18771.0718
3396.896826,1000,18797.796438
2256.163323,642,18812.476473
3406.243344,1000,18835.457266
3411.331619,970,18863.231955
3364.25558,1000,18884.607091
502.932191,169,18888.300927
2729.446806,773,18909.817436
3381.125725,1000,18933.043217
855.671501,252,18939.098743
2442.121686,696,18962.442089
3267.330593,926,18985.015081
3215.187369,923,19012.555069
1801.701961,513,19024.102594
3407.426093,1000,19046.348024
3412.032679,969,19077.841413
1460.566115,426,19087.967447
3394.600006,1000,19110.205144
1948.493796,564,19130.880019
3366.846635,1000,19152.516587
3396.529823,1000,19180.807688
3335.630523,1000,19201.356648
2495.817627,719,19366.804421
1378.810502,395,19469.081436
2738.313915,771,19486.858216
3181.627896,897,19521.295239
3337.170806,1000,19541.470962
3393.63688,1000,19572.162442
2393.253579,688,19586.644439
3412.665435,1000,19611.227446
1793.704922,512,19628.512678
3011.906349,853,19647.558733
1525.02921,444,19656.794841
2133.020683,617,19677.463726
2633.241738,758,19694.613244
1814.267326,521,19707.37192
3385.95256,1000,19738.43924
3357.963527,1000,19761.028177
2646.041924,761,19783.506008
2519.621768,730,19798.840897
2989.36162,851,19818.706597
1198.051061,347,19826.589476
3345.781265,1000,19858.237557
3370.72786,1000,19881.214199
3368.827793,1000,19910.286042
1584.551639,453,19920.340351
2972.896148,840,19947.333586
2701.468368,769,19964.368285
3363.703089,1000,19986.328757
524.957553,172,19997.41178
2388.799442,682,20013.264417
2821.583507,811,20031.500562
2137.475485,617,20053.63203
1734.081521,499,20066.436764
3382.938242,1000,20090.172582
3383.186854,1000,20121.308586
1995.288066,576,20131.873786
3358.215,1000,20161.016938
2889.400995,837,20180.430161
3360.882188,1000,20200.158694
3389.474877,1000,20229.97583
2837.919818,817,20247.084463
1496.935033,427,20262.813834
3392.107188,1000,20285.87605
1606.488998,464,20295.562337
3468.689594,1000,20323.34218
2336.967385,670,20337.632071
1885.836722,542,20351.357577
1750.822378,494,20369.448987
3376.66657,1000,20391.440352
1882.031333,540,20402.351937
2250.189728,649,20421.763688
567.289167,180,20425.392865
835.909163,246,20431.230242
1540.577491,442,20441.830199
1654.772606,466,20451.890202
2784.505575,785,20476.055949
2913.353175,830,20493.664141
1500.01694,429,20502.990283
2235.644536,635,20525.303044
1855.164979,526,20537.482397
1513.70651,431,20547.217206
1931.39701,552,20559.256854
1715.748236,490,20578.013283
3426.995189,1000,20600.989601
3400.991412,1000,20629.312063
709.874486,209,20634.670109
1274.422507,371,20642.384254
2832.397328,803,20659.899491
3433.037498,1000,20691.117961
3481.297802,1000,20711.589512
3360.618847,1000,20741.072165
2897.859105,831,20757.801632
3393.576426,1000,20788.824169
1978.410102,570,20801.304171
3399.728773,1000,20824.248196
3391.517497,1000,20852.501347
3367.932357,1000,20874.708289
2824.773699,804,20901.549915
3450.314447,1000,20924.987852
2430.383823,702,20949.072192
3381.238682,1000,20973.045768
2829.395002,810,20991.634086
3368.61535,1000,21021.993766
2024.287876,588,21035.535526
2029.483352,582,21055.309915
3435.87241,1000,21077.639111
2029.59898,589,21090.461334
2064.738607,588,21111.181669
3355.253256,1000,21132.100152
3390.088309,1000,21161.539336
2053.078111,591,21173.321381
2310.793707,669,21188.583662
1600.378889,458,21198.694051
3371.890418,1000,21228.385293
1427.678094,411,21237.645638
2235.796225,640,21252.734115
3199.996387,918,21280.841794
2368.133907,681,21293.071238
1140.168894,330,21300.778596
1501.635465,422,21317.119877
3242.434336,922,21338.432016
2081.287832,601,21352.480097
2574.293926,735,21376.455957
1899.510261,545,21387.888721
3426.778252,1000,21412.697067
1795.30671,524,21430.560422
2295.640688,669,21446.054295
3390.990978,1000,21467.544546
1971.865301,572,21488.2708
3402.414383,1000,21509.662958
3386.417251,1000,21539.267721
3329.108963,1000,21561.446905
3383.599738,1000,21589.305843
1071.559378,307,21597.639853
1867.202746,530,21609.979988
3326.408582,1000,21640.271922
3336.247115,1000,21662.176973
1567.480646,451,21672.436813
3374.643601,1000,21700.342787
3444.028947,1000,21721.695164
3437.197803,1000,21751.791234
3333.512517,1000,21775.98841
3087.919374,892,21803.801212
2076.690582,595,21816.464475
2579.735454,752,21832.399304
3360.592583,1000,21860.651149
685.834041,207,21865.469733
2231.430758,635,21880.306299
2362.931292,672,21904.366831
3374.114243,1000,21927.3111
3038.502508,871,21945.780054
3444.684136,1000,21979.236766
2160.759493,628,21993.423311
1860.397077,535,22014.183944
3434.942422,989,22036.271886
2548.725824,734,22181.998734
531.868828,177,22224.421954
1754.609491,509,22309.231758
1097.378364,321,22314.31176
2871.080471,817,22332.722898
2964.223757,858,22361.523814
2018.200657,586,22374.034135
1976.807298,563,22386.499848
1426.493776,422,22395.283587
1383.443715,396,22410.531859
1522.196081,445,22419.48899
1604.018381,463,22428.419926
2656.187455,760,22444.494047
3411.693345,968,22473.222204
3423.588958,1000,22495.313593
1555.132934,449,22512.123767
2688.689613,773,22530.251311
3136.930822,897,22551.844708
1176.768529,344,22566.012307
1834.040444,529,22578.03183
2761.613709,804,22596.18181
1683.644921,484,22614.516632
1321.933467,379,22622.688447
3374.793962,1000,22642.662836
3152.646474,907,22673.471759
3044.518419,877,22693.378949
1861.61733,537,22702.7568
1608.039272,457,22718.755679
1616.958091,466,22728.84219
2141.724906,613,22743.376603
1574.762092,454,22752.211933
1359.616986,393,22761.421982
1311.733072,381,22774.627792
1039.244283,304,22780.985645
2543.756043,742,22795.792839
1791.466032,520,22806.918793
1893.682948,543,22826.728356
2713.157371,782,22843.104337
1812.569838,534,22855.605715
1895.393133,545,22874.970404
2524.583794,724,22890.835826
1240.384129,353,22899.406982
3340.041548,1000,22929.779902
803.685749,237,22934.782187
3386.443036,1000,22955.327327
3403.779484,969,22987.344843
2188.492683,625,23002.432025
3447.577323,995,23031.922428
3137.982342,897,23049.339996
3475.600947,1000,23071.920522
1121.82561,327,23085.76503
1904.09674,544,23098.419743
1753.72483,510,23108.923498
2290.786197,653,23122.734427
1548.937036,433,23139.299893
1745.006821,496,23149.932151
1145.207527,333,23157.253152
1346.235954,389,23166.11965
2356.645059,674,23188.562323
1622.013623,470,23198.856999
1471.573161,440,23208.867704
595.263213,198,23213.82411
1522.103381,441,23222.495523
1834.984551,524,23241.109585
1232.337763,351,23245.431854
3367.09849,1000,23267.405369
3372.642621,1000,23297.673306
3398.451488,1000,23319.132107
3434.851628,1000,23348.520769
3402.652738,981,23371.265442
495.127088,166,23374.388188
3144.771057,901,23401.957313
1100.421503,324,23409.223191
3372.4678,1000,23431.722652
1386.401612,394,23447.418771
1394.506564,400,23456.323949
1957.711009,563,23469.141733
3331.075963,1000,23491.517036
3345.172697,1000,23519.75377
2865.375846,814,23538.381573
1895.641375,546,23556.495731
2100.528769,604,23570.064558
3353.070436,1000,23591.891735
1412.198236,418,23609.855811
3260.193802,950,23631.891699
3345.986753,1000,23660.102499
2459.433954,706,23676.326684
3420.596635,968,23698.146611
1591.911631,460,23714.864584
1372.27485,396,23724.241961
3368.710288,1000,23745.446799
2672.432763,751,23767.385938
2867.367386,813,23786.119339
1393.175889,398,23795.312747
2013.399251,583,23817.137441
1282.352101,374,23825.879218
1395.516217,404,23834.706556
1649.187111,466,23845.131612
1708.095525,491,23855.931777
1876.176897,542,23875.433435
3381.15295,1000,23898.788481
1408.089174,414,23907.518701
3442.323649,1000,23937.396001
3422.264465,1000,23960.600833
1292.96726,371,23975.913725
2135.856123,606,23989.44336
699.32063,206,23995.000592
2669.544606,763,24011.300378
2868.736197,822,24037.561964
2091.321835,582,24050.870222
2124.266101,601,24064.569223
594.452396,194,24068.676861
1857.029993,537,24088.722781
2718.079158,778,24106.841833
3301.217005,938,24128.13721
3385.14279,1000,24154.295739
2847.622925,807,24172.723715
1318.529107,383,24188.46929
1593.592139,455,24198.833449
1789.188225,504,24208.851874
2398.178296,676,24223.117842
1615.675007,467,24240.478084
2846.262536,820,24258.654837
3353.319114,1000,24280.957278
3408.220296,971,24309.799045
3472.573653,990,24331.709219
1520.481464,431,24348.302732
1393.933122,402,24357.536611
3395.227485,1000,24380.558426
2116.590968,600,24398.647629
2048.617822,582,24411.98738
2492.29586,706,24427.160085
1542.147728,434,24435.995789
3439.300718,1000,24465.801809
1334.645225,368,24473.882681
2371.754786,677,24488.76442
1492.196407,432,24506.83913
2676.414385,762,24524.944488
2888.206337,808,24541.349815
2574.770844,738,24563.713244
3474.705109,989,24584.890022
3418.01243,1000,24607.644431
3356.93122,1000,24628.068571
2400.385548,682,24650.68935
1860.322023,534,24659.876982
1568.908204,452,24670.800017
3161.667609,900,24691.964106
2123.67892,601,24711.855628
1866.208822,524,24722.356378
1516.511279,437,24731.580746
3399.794876,1000,24761.692599
1441.275543,420,24771.52939
1248.236254,354,24779.894825
3483.254124,993,24809.316391
2100.575034,606,24822.530566
1409.782166,403,24894.398165
2081.199712,583,25042.972706
1945.489378,561,25098.606613
3376.755312,1000,25120.655023
2533.636603,724,25137.383895
3408.201684,1000,25169.222545
1823.519309,519,25181.210176
1325.032661,383,25189.375429
2635.360246,753,25211.925156
1799.568648,509,25223.002444
2112.365461,608,25236.90168
3383.897482,1000,25268.494837
3286.602468,946,25286.838185
3386.305505,1000,25315.023946
3388.15828,1000,25337.517915
1559.414054,447,25347.610964
3267.000774,926,25375.615454
1872.430068,530,25388.112379
3391.978449,966,25415.705801
1306.506719,377,25423.852708
1268.596626,362,25432.589147
1546.039993,444,25442.507448
1178.618176,338,25449.436872
1808.907007,525,25468.105143
1522.370494,433,25478.58229
2169.945418,617,25492.84131
1694.239442,486,25503.304317
1546.017591,434,25519.598626
1930.046842,561,25532.204874
1700.309528,482,25544.071244
3359.017898,1000,25574.73501
2079.372735,593,25586.983415
1407.18858,400,25595.95989
3422.372825,1000,25626.211825
1258.046861,362,25634.393261
1900.600652,542,25643.925245
2165.1665,617,25657.570951
1682.894633,480,25676.661342
2805.654832,783,25693.69531
2355.664982,670,25706.36717
2213.034495,628,25726.72126
1602.036215,458,25737.014553
2914.372723,827,25757.041312
2965.265473,844,25781.566595
1281.659733,362,25790.552611
2640.091672,740,25806.315239
1363.386083,394,25814.903944
999.980184,288,25822.143772
1896.789974,540,25839.782427
2203.381572,624,25854.060584
1302.553058,365,25861.113932
2154.352015,622,25881.389208
2935.021372,830,25897.42846
254.035035,125,25899.622345
2895.485118,836,25917.067364
3447.293207,974,25946.522287
1692.563971,483,25956.202122
3450.291496,1000,25983.294985
1789.719363,512,25994.39589
1465.704973,412,26002.563812
1705.113327,486,26013.369556
3413.802997,1000,26042.642211
2181.994465,622,26056.765222
1959.818877,561,26067.678429
1362.389448,390,26083.958164
1883.331247,530,26096.08276
3405.732025,1000,26117.799329
2830.4169,815,26142.873827
1708.547024,487,26154.444304
2003.126705,575,26167.056076
1799.159077,508,26177.957484
2521.660246,716,26202.149027
3346.767624,1000,26225.099659
3411.459478,1000,26256.135369
3414.970929,1000,26280.601153
3386.237541,1000,26309.314561
2088.109418,599,26322.103664
3377.589834,1000,26350.944146
2738.120574,791,26369.251902
3070.011963,863,26389.119072
3373.906694,1000,26414.281604
3362.10787,1000,26435.697961
2531.453111,722,26457.037983
3355.775304,1000,26478.779219
2148.821863,619,26492.190399
1694.221706,484,26512.48716
2537.901531,728,26528.712657
1659.430098,471,26539.904697
2671.477688,755,26563.073782
2857.303673,810,26581.812249
3395.233271,1000,26611.590189
1355.067836,387,26620.105953
2553.789378,730,26634.301763
1906.436248,546,26646.752384
2077.470926,588,26667.273669
3427.7722,1000,26691.070919
3226.316492,916,26716.606339
3381.290186,1000,26739.227776
1883.77747,531,26751.923959
1959.029961,555,26769.875186
3368.001346,1000,26792.075685
3115.64986,883,26819.678913
3369.16477,1000,26840.849125
1614.831918,456,26851.015528
1554.167731,443,26860.811751
3354.946108,1000,26890.04299
3334.345318,1000,26911.43373
2613.063982,751,26935.114042
3355.439839,1000,26957.560351
3387.283124,1000,26986.896052
2730.838177,784,27003.177587
1463.751968,419,27012.17872
2514.907551,719,27036.365074
1787.831605,507,27047.714429
3388.382449,1000,27069.402145
1912.529298,551,27088.858266
2572.472789,745,27105.253117
1588.435943,451,27115.753399
3354.634613,1000,27142.956403
3515.307656,1000,27166.167393
3351.794497,1000,27191.265332
2084.114023,595,27205.821202
1152.421961,326,27213.11311
1668.884998,476,27223.423649
1514.988257,430,27240.870494
3372.421763,1000,27265.648146
1718.903996,490,27276.445958
3434.707687,1000,27305.168194
3240.822029,928,27324.618054
2519.988598,716,27348.878214
3325.727616,1000,27372.281062
2431.931189,694,27394.424229
3371.451898,1000,27415.890877
3370.43513,1000,27437.155185
3371.663922,1000,27464.978216
2184.838185,629,27478.56962
2597.043934,743,27501.991412
2608.398334,740,27516.965018
1088.975023,310,27523.068532
3009.38617,862,27549.217258
3334.765243,1000,27570.415173
1874.540714,535,27581.784785
2830.70236,831,27607.038564
1065.366436,303,27658.223848
1775.381904,510,27783.508052
