eplenmean,eprewmean,fps,loss/approxkl,loss/clipfrac,loss/policy_entropy,loss/policy_loss,loss/value_loss,misc/explained_variance,misc/nupdates,misc/serial_timesteps,misc/time_elapsed,misc/total_timesteps
21.389473684210525,19.634470568421055,7,0.0069004903,0.096875,4.2502837,-0.01421163,0.41703838,0.010189294815063477,1,2048,285.9691019639977,2048
20.78,18.577246340000002,39,0.013611408,0.19379883,4.207983,-0.025456373,0.06464646,0.2758897542953491,2,4096,337.6601133789991,4096
29.83,34.70311102,39,0.013164069,0.18330078,4.1805944,-0.028933952,0.2417082,0.2987492084503174,3,6144,389.83923407899783,6144
43.23,61.7343581,40,0.010203221,0.1397461,4.1633077,-0.020124089,0.26644188,0.2707785964012146,4,8192,440.4408758879981,8192
54.15,87.75842824,39,0.010211103,0.1440918,4.133942,-0.021668311,0.15894838,0.17778640985488892,5,10240,491.94569232999856,10240
67.06,121.67802633,40,0.009348793,0.13232422,4.1190233,-0.015752878,0.13228573,0.24703460931777954,6,12288,542.217128971999,12288
77.39,152.72556881,41,0.01027623,0.14262696,4.099021,-0.019281577,0.09202331,0.4593750834465027,7,14336,591.9685491279997,14336
82.68,170.80120477,40,0.0067569255,0.08989258,4.0810523,-0.01152647,0.06679717,0.5597398579120636,8,16384,642.224360704,16384
86.67,184.85577556999996,42,0.007469007,0.10249023,4.0627575,-0.013019526,0.036982857,0.7684905380010605,9,18432,690.4390947979991,18432
91.07,198.39267095,36,0.00591968,0.073876955,4.055944,-0.010417448,0.020704444,0.8640118688344955,10,20480,746.8079242319982,20480
93.02,205.16077993000002,40,0.009753586,0.14477539,4.0840864,-0.017120283,0.044994622,0.8109460324048996,11,22528,797.6425781830003,22528
94.95,212.29021765999997,40,0.0076798894,0.10517578,4.091817,-0.01275858,0.01114706,0.9462710283696651,12,24576,848.3777975849989,24576
98.51,223.65565533,41,0.009586364,0.12895508,4.063504,-0.018057054,0.026337737,0.9121201261878014,13,26624,897.9382677069989,26624
101.02,231.77008291000004,40,0.009491543,0.13408203,4.0390096,-0.020822044,0.021181406,0.9236168712377548,14,28672,948.8871376089992,28672
104.65,243.85302435000006,40,0.009825907,0.13544922,4.0051255,-0.014404041,0.019504473,0.9401825331151485,15,30720,999.6592145100003,30720
109.77,259.784569,39,0.008699084,0.12216797,3.9809678,-0.016516687,0.011232386,0.95997004956007,16,32768,1051.722963838998,32768
114.86,275.83761044,42,0.007671124,0.1003418,3.962165,-0.013231914,0.005953154,0.9686001725494862,17,34816,1100.163492492,34816
119.43,290.35140702,42,0.009398196,0.12402344,3.953566,-0.01722801,0.005256635,0.9763387758284807,18,36864,1148.887249006999,36864
123.52,303.84866588,39,0.008534236,0.119384766,3.9393055,-0.013973224,0.0041013574,0.983300318941474,19,38912,1200.3043428780002,38912
127.9,317.42804465999996,39,0.009527948,0.1270996,3.9141738,-0.015002675,0.0028913107,0.9897705698385835,20,40960,1252.5686527590005,40960
131.13,329.88807496000004,40,0.007465837,0.10209961,3.897316,-0.012021407,0.003973738,0.9851304907351732,21,43008,1303.295307684999,43008
134.49,341.9888140499999,40,0.008155689,0.109375,3.874379,-0.014040875,0.0031404872,0.9907751241698861,22,45056,1353.7473056140007,45056
136.48,349.27332041,40,0.0074017933,0.09296875,3.8707428,-0.015793683,0.00815559,0.9765623770654202,23,47104,1404.591091473998,47104
138.42,358.42764120999993,39,0.0075093536,0.09609375,3.854552,-0.011797833,0.0023538335,0.9925450957380235,24,49152,1455.8537728099982,49152
140.05,368.9141989700001,39,0.0082931295,0.106982425,3.8116078,-0.013247999,0.002617618,0.9891047393903136,25,51200,1508.1128435739993,51200
141.55,377.00716459,40,0.00746891,0.09995117,3.7846303,-0.012960808,0.002577918,0.9907623268663883,26,53248,1558.701191475,53248
142.99,387.2544870099999,39,0.008076537,0.10888672,3.7679667,-0.013940123,0.0016215729,0.9936502645723522,27,55296,1610.0403779810003,55296
144.34,394.31324806,38,0.008634059,0.10913086,3.7303548,-0.014387861,0.0012850957,0.995360488537699,28,57344,1662.7263098719995,57344
146.12,403.2749126699999,39,0.0071745766,0.09272461,3.693908,-0.0109678125,0.00224696,0.9935112418606877,29,59392,1714.3152982049978,59392
147.72,413.77474419000004,40,0.009208333,0.11923828,3.6841621,-0.013814804,0.009390371,0.9680144041776657,30,61440,1764.4619552330005,61440
149.07,421.84293154,39,0.008900272,0.11298828,3.651767,-0.016213883,0.0029975078,0.9893096284940839,31,63488,1816.665584800001,63488
151.37,431.22603872,41,0.0084199095,0.117529295,3.6286461,-0.0151423095,0.0038024671,0.9885700605809689,32,65536,1865.7377270739998,65536
153.4,440.6931890700001,41,0.008063788,0.10708008,3.6076367,-0.01529789,0.00410219,0.9850200079381466,33,67584,1915.085652679998,67584
156.49,453.65033693,38,0.010407371,0.13823242,3.5758274,-0.01532681,0.008156105,0.9614227786660194,34,69632,1968.0865547899994,69632
160.75,469.47589519,40,0.009486979,0.12788086,3.5576358,-0.017231418,0.003453187,0.9822267647832632,35,71680,2018.6465335129978,71680
165.7,488.88634746,42,0.009992919,0.12875977,3.5302975,-0.01389196,0.0032686093,0.9839102011173964,36,73728,2067.295199185999,73728
170.37,506.82852933000004,39,0.008843117,0.121435545,3.5108871,-0.011885878,0.024577033,0.9354289621114731,37,75776,2119.7118714459975,75776
174.01,517.3410505,41,0.008011291,0.10200195,3.502086,-0.013981527,0.022376567,0.9307565614581108,38,77824,2168.8246928959998,77824
180.11,540.20732503,39,0.009213857,0.12553711,3.485085,-0.016094705,0.0026254153,0.9887062599882483,39,79872,2220.492426525998,79872
186.39,563.20884679,41,0.008078726,0.110888675,3.4820817,-0.013926655,0.0035058223,0.985733519308269,40,81920,2270.1021963040002,81920
191.55,581.98338296,38,0.009495235,0.12158203,3.4665246,-0.01610966,0.0030088997,0.9883313281461596,41,83968,2322.671593433999,83968
199.38,608.14428685,42,0.008862766,0.12070312,3.435484,-0.015210254,0.0023220123,0.992003820836544,42,86016,2371.1051136509996,86016
206.37,632.14664292,40,0.008616971,0.11381836,3.4104004,-0.01522014,0.0034564002,0.9873618185520172,43,88064,2421.4876046940008,88064
213.38,653.43822444,38,0.009343494,0.11689453,3.3836322,-0.013360414,0.00265327,0.9905526973307133,44,90112,2475.172487729,90112
221.09,679.62000937,39,0.01103113,0.15297851,3.3521104,-0.017288974,0.002586555,0.9889768548309803,45,92160,2527.128248754001,92160
228.8,705.6538796400001,36,0.0093027875,0.12519531,3.31002,-0.013508722,0.0058630654,0.9769468922168016,46,94208,2582.890837095998,94208
236.28,730.80795117,41,0.008956281,0.12011719,3.291657,-0.013822608,0.0017630327,0.9936983389779925,47,96256,2632.3952449850003,96256
244.17,757.33534165,36,0.008548951,0.118652344,3.2710767,-0.014350151,0.0016035528,0.9938953598029912,48,98304,2688.2680092890005,98304
250.76,779.6137192499998,15,0.007212731,0.094335936,3.2551644,-0.010874223,0.0013152877,0.9936749744229019,49,100352,2823.7167876099993,100352
261.29,814.80796266,10,0.0085688885,0.11831055,3.2481232,-0.012802497,0.0013886117,0.9939152719452977,50,102400,3025.2563040079986,102400
269.96,845.0078063400001,37,0.008730355,0.12451172,3.239034,-0.0126583725,0.0023029211,0.9902953868731856,51,104448,3079.825034030997,104448
276.51,865.2517831499999,39,0.007554463,0.09785156,3.2301815,-0.011782365,0.0013496431,0.9928910420276225,52,106496,3131.9870474900017,106496
283.7,889.8614618299999,39,0.008464774,0.11611328,3.2140222,-0.01289082,0.0013181355,0.9932774594053626,53,108544,3183.8278113319975,108544
290.98,914.70078082,40,0.009544787,0.12568359,3.1931908,-0.014842464,0.0013831509,0.9920022068545222,54,110592,3233.871256172999,110592
299.23,942.3894086999999,40,0.008626785,0.11328125,3.1711807,-0.013314294,0.0011844109,0.992776065133512,55,112640,3284.8604769259982,112640
307.47,970.6135720699999,38,0.0073083527,0.09741211,3.161402,-0.014194369,0.0007598002,0.9956699074245989,56,114688,3337.7789985130003,114688
313.68,994.31310937,38,0.008701684,0.108789064,3.1566591,-0.0124913845,0.0006890457,0.9957012138329446,57,116736,3390.8483018929983,116736
320.78,1016.8633479299999,38,0.0071394234,0.09194336,3.153069,-0.0058191675,0.016662067,0.9264114871621132,58,118784,3444.5414432899997,118784
326.7,1034.34019518,37,0.0085248975,0.11743164,3.171341,-0.008999835,0.015291129,0.9191100224852562,59,120832,3498.7766174479984,120832
334.19,1061.1460436900002,37,0.008728424,0.11806641,3.1843395,-0.013747431,0.0021351955,0.9868340836837888,60,122880,3553.951780263,122880
336.2,1067.2744430999999,40,0.009694696,0.13481446,3.1830814,-0.010867307,0.012818454,0.9419120624661446,61,124928,3604.085852074997,124928
343.11,1092.71729425,39,0.0094230715,0.12978515,3.1809924,-0.012474087,0.0012314139,0.9913053717464209,62,126976,3655.719721282003,126976
346.12,1105.30213691,38,0.008212178,0.10864258,3.149156,-0.0110354535,0.0013186233,0.9917022725567222,63,129024,3708.6617606329964,129024
351.93,1126.4174941299998,40,0.010351833,0.14213867,3.1170392,-0.018006371,0.001142079,0.9938452681526542,64,131072,3758.8294561220027,131072
358.89,1152.1268029999999,40,0.010709798,0.15083008,3.087954,-0.016640496,0.0008918297,0.9933601021766663,65,133120,3809.0718669869966,133120
361.31,1162.2964389699998,37,0.009924065,0.13588867,3.0729716,-0.012744194,0.011066609,0.9446748308837414,66,135168,3863.506441134996,135168
361.28,1166.18189774,38,0.008445421,0.111279294,3.070744,-0.009539709,0.0012449886,0.9928995161317289,67,137216,3917.007518354003,137216
360.59,1170.8398737199998,38,0.009744035,0.13520508,3.0527148,-0.01534869,0.0011768652,0.9941927320323884,68,139264,3969.9303328239985,139264
358.18,1167.6021764000002,41,0.010047966,0.13422851,3.0138915,-0.013817089,0.0010900436,0.9938556547276676,69,141312,4019.4031584850018,141312
361.93,1183.7310838099997,39,0.008224725,0.10859375,2.9940557,-0.00906016,0.001411297,0.991464463993907,70,143360,4071.6999132269993,143360
363.37,1191.57370971,39,0.00986361,0.13476562,2.9835336,-0.016471159,0.0010017387,0.9939199257642031,71,145408,4123.547062764999,145408
360.07,1184.77183626,41,0.008844677,0.11459961,2.9680667,-0.0144341085,0.00088828104,0.9945773296058178,72,147456,4172.610585953997,147456
352.5,1162.46531335,36,0.010013859,0.121240236,2.9520638,-0.016715206,0.0022364683,0.9863184886053205,73,149504,4228.006873131999,149504
342.2,1130.74674123,38,0.00836891,0.1121582,2.9227881,-0.014259851,0.002211276,0.9890156239271164,74,151552,4280.803541380003,151552
342.45,1141.37315919,39,0.008476667,0.11040039,2.8817353,-0.013154554,0.0008083254,0.9941127491183579,75,153600,4332.278278949001,153600
342.71,1146.44062825,39,0.010521594,0.13916016,2.8520875,-0.01695105,0.0009893716,0.9913370767608285,76,155648,4384.752324214001,155648
347.04,1163.2942848000002,41,0.008577514,0.11650391,2.8460736,-0.010540466,0.0011577832,0.9907482713460922,77,157696,4434.039782387998,157696
346.9,1168.56987516,39,0.009427935,0.11782227,2.8222187,-0.013356013,0.0018181723,0.9892384484410286,78,159744,4485.804182621003,159744
344.13,1160.7153555699997,38,0.00936478,0.12675782,2.802997,-0.0125228865,0.0014609207,0.9919208511710167,79,161792,4538.611751053002,161792
344.53,1163.58623419,40,0.011896104,0.16665038,2.7843626,-0.015346503,0.0010617911,0.9905605837702751,80,163840,4589.313482557998,163840
341.88,1157.3450870299998,38,0.010149392,0.13720703,2.760296,-0.016532628,0.0009717024,0.9920258391648531,81,165888,4642.637389431999,165888
336.73,1142.26670202,38,0.009089601,0.12592773,2.760303,-0.011682506,0.0012058958,0.9911114629358053,82,167936,4696.297720871,167936
344.85,1170.2616466999998,41,0.009660127,0.13330078,2.753915,-0.013749744,0.001057185,0.9873481784015894,83,169984,4745.514970270997,169984
351.81,1194.98451885,36,0.008395817,0.10898437,2.7479103,-0.012757917,0.00072818936,0.9946370674297214,84,172032,4800.884489823002,172032
356.11,1210.07091159,41,0.010071214,0.13276367,2.7462292,-0.012577971,0.00080799905,0.9938000421971083,85,174080,4850.8019129199965,174080
360.65,1226.2921258099998,39,0.009286174,0.12338867,2.7303019,-0.010710077,0.0010008966,0.9939385582692921,86,176128,4903.075371469997,176128
361.52,1231.49878444,37,0.008730849,0.122558594,2.7148807,-0.011855032,0.0008140147,0.995222092140466,87,178176,4958.091324433997,178176
365.6,1245.20643021,38,0.011360831,0.15932617,2.7193851,-0.018273126,0.0008532186,0.9935633144341409,88,180224,5011.553619373,180224
367.67,1253.6012065300001,40,0.010119182,0.1350586,2.7035918,-0.014861269,0.0008846627,0.992172877304256,89,182272,5061.960664120001,182272
370.4,1264.15856048,39,0.010231799,0.1427246,2.6766424,-0.014739473,0.0005967411,0.9950516396202147,90,184320,5113.920771803998,184320
370.91,1269.32985536,40,0.0095176445,0.12973633,2.674642,-0.012157401,0.00082444213,0.9947240492329001,91,186368,5164.590725679998,186368
381.01,1305.59156724,43,0.009309857,0.12666015,2.6909516,-0.016547915,0.0006406148,0.9958745269104838,92,188416,5211.694967513002,188416
390.04,1338.6329245099998,39,0.00853511,0.112939455,2.69973,-0.011800304,0.00074413005,0.9950682264752686,93,190464,5263.779861096002,190464
392.32,1347.08586591,38,0.009505893,0.128125,2.6994052,-0.013667868,0.00045946962,0.9958835886791348,94,192512,5316.554379389003,192512
401.37,1379.3502875099998,39,0.008662427,0.11376953,2.710773,-0.009275773,0.0012154665,0.9892654623836279,95,194560,5368.372095642,194560
395.85,1364.0087311099996,37,0.009851865,0.1430664,2.7265618,-0.013680923,0.00066816644,0.9957523564808071,96,196608,5422.800502115002,196608
400.35,1381.1338164499998,40,0.009776457,0.13603516,2.721624,-0.016311327,0.00059518934,0.9948025592602789,97,198656,5473.466977841999,198656
412.94,1426.69233713,9,0.0110563515,0.14179687,2.718023,-0.0076570855,0.018042278,0.8946691676974297,98,200704,5690.212288950002,200704
419.26,1450.8291332100002,17,0.011405426,0.16069336,2.719007,-0.015503153,0.000608547,0.9933724612928927,99,202752,5807.446987618998,202752
424.64,1470.9937499699997,41,0.011011353,0.15170899,2.7333083,-0.020485483,0.00083924504,0.9910504231229424,100,204800,5857.347871967002,204800
435.82,1508.1618826699998,38,0.009582536,0.12421875,2.7295096,-0.01127658,0.012609239,0.8710900247097015,101,206848,5910.934712075999,206848
438.58,1515.46753998,39,0.008519344,0.11225586,2.7078388,-0.010514821,0.0013031637,0.980487123131752,102,208896,5962.456482716996,208896
446.6,1545.2723873500001,37,0.009465657,0.12641601,2.6970139,-0.01320409,0.00046098145,0.9964380150195211,103,210944,6017.4984177840015,210944
449.79,1556.6877734600002,36,0.010925738,0.14829102,2.674882,-0.016079448,0.0010076899,0.9839698988944292,104,212992,6073.943184876996,212992
457.82,1584.98814292,41,0.010923409,0.15546875,2.6535397,-0.017538918,0.0005157866,0.9940148484893143,105,215040,6123.354824996,215040
459.87,1594.9859903800004,41,0.008907091,0.12583008,2.6333737,-0.014213768,0.0005832433,0.9957939442247152,106,217088,6172.421320413996,217088
457.7,1590.1058252799996,40,0.010084597,0.13979492,2.6229944,-0.011335023,0.00068542786,0.9946905048564076,107,219136,6223.148465145001,219136
459.51,1598.0133370100002,40,0.008744257,0.11923828,2.6173573,-0.015086547,0.0005707098,0.9959969371557236,108,221184,6274.0272055359965,221184
462.61,1609.0811384200001,38,0.00853418,0.11367188,2.6043801,-0.012246829,0.00043114327,0.996113047702238,109,223232,6326.609251813999,223232
465.06,1618.8682190499999,38,0.010218897,0.14160156,2.5913846,-0.012048118,0.0002970074,0.9969581610057503,110,225280,6380.269462727003,225280
467.24,1630.77483442,38,0.009037527,0.12392578,2.5723617,-0.015702311,0.00046054152,0.996612514834851,111,227328,6433.999131931996,227328
465.76,1626.0245945300003,37,0.013260539,0.18510742,2.5571394,-0.020599408,0.0006063904,0.9940306819044054,112,229376,6488.844637916998,229376
473.61,1655.22178763,39,0.011109607,0.15429688,2.5468273,-0.016412824,0.00037398562,0.9967959844507277,113,231424,6540.628927013997,231424
482.82,1688.8003215999997,37,0.011526673,0.15454102,2.5349123,-0.0153265055,0.000314161,0.9970355802215636,114,233472,6594.638435606001,233472
484.22,1695.10802406,40,0.009193003,0.12402344,2.5314176,-0.01405284,0.0002781409,0.996839270927012,115,235520,6645.395671976999,235520
492.03,1722.32718285,37,0.012965736,0.17944336,2.5506828,-0.0085345,0.016029589,0.8889385089278221,116,237568,6699.733837927,237568
499.4,1749.8443211999997,38,0.010276499,0.14565429,2.5528433,-0.014163794,0.00055555557,0.9914413383230567,117,239616,6752.310591934001,239616
493.91,1729.9143661099997,41,0.012461324,0.16240235,2.5427377,-0.019275133,0.0152371805,0.9176567792892456,118,241664,6801.4043239620005,241664
487.76,1709.2791553200002,37,0.0084931245,0.11459961,2.5429854,-0.012006486,0.000577159,0.9943822696805,119,243712,6856.138023147003,243712
479.34,1678.75206492,40,0.011136673,0.1472168,2.5480845,-0.0110382885,0.010517145,0.9444631896913052,120,245760,6906.754801529001,245760
456.32,1598.4127429499997,37,0.011999586,0.1586914,2.56268,-0.01424679,0.0010751749,0.9940491286106408,121,247808,6961.082733805,247808
454.57,1594.8156975100003,39,0.00952414,0.12905273,2.5608838,-0.015327321,0.0008780945,0.9927474432624876,122,249856,7012.641609459002,249856
454.51,1597.5372471800001,39,0.009967108,0.13027343,2.547929,-0.014441672,0.0005821538,0.9924820219166577,123,251904,7064.662413760001,251904
451.16,1593.4415986500003,39,0.009862265,0.13779297,2.534471,-0.014618477,0.0004318237,0.9968337861355394,124,253952,7116.731106965999,253952
448.18,1583.85785252,39,0.010081479,0.13544922,2.525656,-0.012804781,0.00042313227,0.996650547022,125,256000,7169.001980576002,256000
437.72,1551.50992037,38,0.009398241,0.12543945,2.5150483,-0.015693527,0.00034628686,0.996990236453712,126,258048,7221.521305907001,258048
447.06,1583.6313555899999,39,0.008756813,0.117041014,2.524224,-0.009747615,0.008935073,0.8996653631329536,127,260096,7273.078706055996,260096
446.65,1584.0831704500001,40,0.008653648,0.11743164,2.525945,-0.014357632,0.0004098657,0.995924576651305,128,262144,7323.415651233998,262144
460.29,1632.7690601999996,40,0.012796064,0.17163086,2.5261607,-0.005579711,0.01492843,0.8580676764249802,129,264192,7373.766829718996,264192
461.45,1638.97268387,40,0.009802121,0.12871094,2.5332875,-0.01372871,0.0010276173,0.9893501317128539,130,266240,7424.196506649001,266240
466.89,1659.4516263200005,38,0.011857709,0.15273437,2.5324864,-0.009353095,0.01593588,0.8882509469985962,131,268288,7477.868595189997,268288
458.13,1631.27153559,40,0.008784416,0.11245117,2.5290694,-0.012537336,0.0006201208,0.994583890773356,132,270336,7528.348020491998,270336
450.57,1605.7902955700001,38,0.0126477685,0.16499023,2.5208254,-0.011936342,0.011977469,0.9353629797697067,133,272384,7582.188565423996,272384
451.71,1612.1150595299998,38,0.009106769,0.12768555,2.5015614,-0.013361609,0.0005154392,0.9950662129558623,134,274432,7634.991404307999,274432
452.34,1616.1939395,40,0.0122653805,0.16909179,2.4744506,-0.013468176,0.00044025393,0.9943402530625463,135,276480,7685.285679902998,276480
446.75,1597.9218906800004,40,0.009954822,0.14121094,2.4584284,-0.015988428,0.00041443473,0.997326287208125,136,278528,7735.307876234001,278528
441.61,1580.6038856700004,38,0.008972509,0.12402344,2.4526596,-0.016980477,0.00042828717,0.9970694566145539,137,280576,7788.337809067998,280576
436.67,1565.4881996700005,43,0.010002872,0.14160156,2.432435,-0.015063276,0.00032898752,0.9975765410345048,138,282624,7835.964322478001,282624
438.74,1576.6560737000002,38,0.009783445,0.13266602,2.4282613,-0.015185252,0.00031135493,0.9970995653420687,139,284672,7888.7810562390005,284672
449.15,1616.6951151899993,39,0.011419511,0.15488282,2.4205253,-0.014235308,0.00025397405,0.9982578301569447,140,286720,7941.059761546996,286720
451.96,1627.9560517199996,37,0.008534832,0.11762695,2.407584,-0.012553832,0.00041467184,0.9959484958089888,141,288768,7995.740121572002,288768
454.72,1641.5531428200002,41,0.009820664,0.13295898,2.3914652,-0.014835645,0.0003664938,0.9970194571651518,142,290816,8045.6819837369985,290816
469.17,1696.36814618,41,0.009695007,0.13559571,2.3712335,-0.015957704,0.00023925988,0.9982655810890719,143,292864,8094.462552944999,292864
475.87,1723.40826532,38,0.010080217,0.13979492,2.3629906,-0.013822615,0.000490492,0.9960835087113082,144,294912,8147.4281763109975,294912
472.45,1712.8002894400001,35,0.010805018,0.14179687,2.3470044,-0.015051176,0.00067149755,0.9924644897691905,145,296960,8204.633157254997,296960
462.05,1675.48289786,36,0.009017702,0.119189456,2.327464,-0.0148497615,0.0008973867,0.9940332993865013,146,299008,8260.402890200996,299008
456.44,1656.38863523,7,0.010809647,0.15004882,2.2954803,-0.014812308,0.0007378992,0.9944798373617232,147,301056,8541.911940858998,301056
467.65,1697.5175494300001,40,0.0110412855,0.14716797,2.2838645,-0.011507771,0.011592438,0.9124061763286591,148,303104,8592.209774014002,303104
458.75,1668.0024616599999,39,0.014792435,0.19516602,2.2943952,-0.019520832,0.0007109008,0.9935502540320158,149,305152,8644.635932692996,305152
457.56,1667.1575883199998,39,0.011711427,0.15517578,2.3014085,-0.0074395137,0.008808112,0.9378953278064728,150,307200,8696.216729879001,307200
439.95,1606.6051889799999,40,0.00972982,0.12543945,2.3026052,-0.013774474,0.000636495,0.9939840189181268,151,309248,8747.347892001002,309248
443.34,1620.16846853,39,0.009268088,0.1203125,2.288096,-0.013694075,0.0004252893,0.995404256042093,152,311296,8799.602913597002,311296
446.12,1634.4113478899997,38,0.011395813,0.15742187,2.2801542,-0.017409548,0.00044829986,0.9968093966599554,153,313344,8852.559407563,313344
452.9,1659.96017379,40,0.010009933,0.12792969,2.2601004,-0.014732647,0.00051278993,0.9953373125754297,154,315392,8903.580117771999,315392
463.5,1700.9432781700002,39,0.010195144,0.13798828,2.2450852,-0.013567561,0.00047774386,0.9962813362944871,155,317440,8955.902310585,317440
473.39,1736.78090209,40,0.011904724,0.15986328,2.2510777,-0.007795104,0.017030457,0.7914288491010666,156,319488,9006.806545505999,319488
486.05,1784.59081288,39,0.010872211,0.14570312,2.2758784,-0.008944996,0.015587354,0.8618396818637848,157,321536,9058.158283459,321536
494.26,1815.2910772000002,39,0.009530256,0.1272461,2.298697,-0.012118874,0.00054308143,0.9927828153595328,158,323584,9109.642911110997,323584
498.71,1833.19905686,38,0.009893189,0.12705079,2.2973914,-0.014996151,0.00031393365,0.9956838297657669,159,325632,9162.181341859003,325632
496.92,1828.63354685,39,0.0106541645,0.1459961,2.2860458,-0.01370209,0.00030717696,0.9976529607083648,160,327680,9213.633282226001,327680
506.42,1863.75755833,38,0.010763919,0.14643554,2.2773776,-0.015148299,0.00065998745,0.9947802051901817,161,329728,9266.684004508003,329728
514.29,1892.8810944099998,38,0.010488083,0.14140625,2.2756505,-0.016071202,0.0004165469,0.9958918602205813,162,331776,9319.811852910003,331776
506.71,1867.30553937,39,0.010244887,0.14204101,2.274152,-0.016011532,0.00059013744,0.9939854675903916,163,333824,9371.577021277997,333824
508.97,1876.0044907499996,40,0.009282965,0.12084961,2.2791114,-0.012097577,0.00046693668,0.9960415116511285,164,335872,9422.733181395997,335872
511.19,1885.5625990099998,41,0.010349912,0.15014648,2.2972617,-0.014138931,0.00029239713,0.9972096825949848,165,337920,9471.898598332002,337920
509.0,1878.5137952199998,39,0.008411089,0.11123047,2.3011298,-0.012328402,0.00026579847,0.9970436345320195,166,339968,9523.752945718996,339968
514.35,1896.8461843399998,39,0.0114737265,0.15263672,2.3000293,-0.014265435,0.015392764,0.891224667429924,167,342016,9576.163691458998,342016
508.79,1876.5861083999998,38,0.010236529,0.13681641,2.2846289,-0.014223309,0.0007150633,0.9933143611997366,168,344064,9629.801561597997,344064
511.14,1885.2906197699995,39,0.010022764,0.13691406,2.24966,-0.014957882,0.00033530328,0.9968363801017404,169,346112,9682.094767886003,346112
516.93,1905.7379434,37,0.009687142,0.1331543,2.229067,-0.014941926,0.00036839378,0.9966717753559351,170,348160,9736.33902241,348160
527.04,1943.84041735,38,0.009875395,0.12421875,2.2155309,-0.0151911555,0.0005194999,0.9950336301699281,171,350208,9789.841239834,350208
528.25,1949.2236646999997,38,0.011544501,0.15986328,2.2058806,-0.018122038,0.00083587284,0.9932876201346517,172,352256,9843.303717853996,352256
533.23,1968.1075722599999,40,0.009916347,0.13310547,2.2029195,-0.0122163985,0.00058505905,0.9945422713644803,173,354304,9893.668798631996,354304
533.56,1970.6880472099997,40,0.009644418,0.12954101,2.1888366,-0.014551105,0.0002956888,0.996490070829168,174,356352,9944.699994659,356352
540.48,1994.19914246,40,0.009171715,0.12241211,2.1755145,-0.014504356,0.00070899987,0.9942281572148204,175,358400,9995.391514575,358400
543.53,2006.1600592600005,39,0.010447694,0.14345703,2.183471,-0.0089387605,0.015972171,0.845316007733345,176,360448,10047.579379119,360448
550.75,2032.1038085100001,37,0.008990131,0.1253418,2.2085404,-0.011882278,0.00052855705,0.9932548878714442,177,362496,10101.628212771997,362496
562.49,2076.03540055,38,0.010698861,0.14316407,2.224847,-0.016247224,0.0002892713,0.9967163356486708,178,364544,10154.456600259,364544
560.09,2064.48697222,37,0.011976343,0.1661621,2.22959,-0.014171988,0.025480041,0.7885217517614365,179,366592,10208.795441126997,366592
569.99,2101.3422472499997,38,0.010756872,0.1480957,2.2308955,-0.016605398,0.00057590613,0.992270733229816,180,368640,10262.105448237002,368640
573.67,2111.9435420199998,42,0.009360958,0.124853514,2.2171547,-0.017250031,0.0011017215,0.9865679712966084,181,370688,10310.082984715998,370688
571.99,2104.0276982499995,38,0.011928694,0.16210938,2.20986,-0.018979393,0.0015194708,0.9854591991752386,182,372736,10363.366942995002,372736
576.5,2118.70614505,38,0.0117751155,0.15810546,2.2072203,-0.010951171,0.01301229,0.8773180097341537,183,374784,10416.505255368997,374784
572.19,2103.64167401,39,0.00895205,0.1199707,2.1875968,-0.012696512,0.00059041276,0.993236783426255,184,376832,10468.075677866,376832
568.29,2089.9392847699996,40,0.008128391,0.10839844,2.1762574,-0.0137217045,0.00025426917,0.9970045797526836,185,378880,10519.264996118,378880
570.71,2099.20866289,40,0.010229127,0.1480957,2.1691384,-0.015414837,0.00025127368,0.9967327630147338,186,380928,10569.337137285998,380928
570.23,2097.2041981499997,40,0.0092164595,0.12480469,2.158381,-0.012989176,0.00027839918,0.9974244555924088,187,382976,10620.202578211996,382976
578.05,2124.56032456,40,0.013356303,0.18491212,2.1628737,-0.011313768,0.01563679,0.789524495601654,188,385024,10670.936790672,385024
574.97,2113.27361946,36,0.009657915,0.12905273,2.1595066,-0.013649026,0.00046832906,0.995256572496146,189,387072,10727.285666463002,387072
575.97,2117.2713738599996,40,0.011722019,0.14892578,2.1521108,-0.0104659125,0.013226083,0.8923710361123085,190,389120,10777.977069809,389120
578.53,2128.33127153,40,0.009910865,0.12480469,2.1417227,-0.012360772,0.00042342357,0.9947281205095351,191,391168,10828.409301637002,391168
581.14,2139.13202697,41,0.008374961,0.1116211,2.1253457,-0.011915166,0.00028285745,0.9963086547795683,192,393216,10878.255142825,393216
588.99,2167.6725010600003,39,0.011598402,0.15004882,2.120438,-0.013749096,0.014583449,0.8395117670297623,193,395264,10930.006824885,395264
590.28,2170.4516284600004,40,0.013531004,0.17734376,2.1160276,-0.012528695,0.013942363,0.8876780569553375,194,397312,10980.537590121996,397312
585.25,2154.39772717,39,0.011214896,0.13354492,2.114288,-0.013090761,0.0103870705,0.9177894219756126,195,399360,11032.652373393998,399360
589.69,2171.55541095,7,0.009468677,0.13164063,2.1070821,-0.012903494,0.00040648557,0.9934619255363941,196,401408,11310.517466436999,401408
593.65,2187.22950787,42,0.008914824,0.12158203,2.092351,-0.013492319,0.00032940024,0.9965325111988932,197,403456,11359.119901988997,403456
597.21,2201.5049036600003,40,0.012230165,0.16220704,2.067592,-0.017303172,0.00032599308,0.9970350307412446,198,405504,11409.181967423996,405504
606.1,2233.15475737,38,0.011521172,0.15126953,2.0607715,-0.009853718,0.015828334,0.8519507795572281,199,407552,11462.848325740997,407552
602.24,2219.4065825500006,39,0.0104497885,0.14428711,2.064485,-0.016269967,0.0005590493,0.9941237596794963,200,409600,11514.555024349,409600
608.67,2241.1363125599996,40,0.0100239795,0.1303711,2.0586255,-0.012221112,0.012981865,0.8651274740695953,201,411648,11565.161392864,411648
616.49,2272.2163329699997,40,0.011033813,0.14926758,2.046973,-0.014626901,0.00048395968,0.9939072886481881,202,413696,11615.648617747996,413696
618.15,2278.9147583100003,40,0.011105027,0.15419921,2.0496984,-0.016337935,0.00041347818,0.9935760255903006,203,415744,11665.712357372002,415744
611.31,2251.85309484,38,0.011491888,0.16083984,2.064125,-0.009853916,0.015376138,0.920600488781929,204,417792,11718.427366855998,417792
601.01,2217.6873473699998,39,0.010195144,0.1361328,2.0670934,-0.014849074,0.0005664922,0.9936233782209456,205,419840,11770.075667808,419840
604.81,2231.60170712,41,0.009689552,0.13271484,2.0695336,-0.011602761,0.0019766083,0.9569703973829746,206,421888,11819.902692486,421888
597.17,2204.218172,39,0.008947721,0.12128906,2.055862,-0.012472609,0.00033041424,0.9962416063062847,207,423936,11871.955486375002,423936
595.42,2199.8509274800003,40,0.011640194,0.16586915,2.0283003,-0.017132817,0.00031015326,0.9964778556022793,208,425984,11922.889183207,425984
585.35,2162.8297160099996,40,0.010501961,0.13823242,2.0044308,-0.013188804,0.0006349321,0.994668482337147,209,428032,11973.073139843,428032
585.35,2165.7876307399997,40,0.010620683,0.1395996,2.0045161,-0.0047418186,0.016000185,0.8594485521316528,210,430080,12023.180304116002,430080
584.75,2164.87318721,41,0.012421921,0.15283203,2.0119734,-0.013682915,0.016123977,0.83380988240242,211,432128,12072.859271478002,432128
589.49,2182.45880783,38,0.013566062,0.1762207,2.011009,-0.00887544,0.015886929,0.7129484713077545,212,434176,12125.497337346998,434176
593.59,2197.05838355,38,0.0117192585,0.1505371,2.0200796,-0.009173818,0.010834055,0.7760813683271408,213,436224,12178.777979881,436224
602.3,2227.12238202,39,0.011107155,0.15981445,2.034929,-0.012815177,0.021367151,0.7073913216590881,214,438272,12230.190680220003,438272
604.31,2232.30215733,40,0.010511671,0.14018555,2.0402436,-0.0126533415,0.011746651,0.7964112311601639,215,440320,12281.191777175001,440320
605.53,2235.50387158,42,0.011547944,0.15615234,2.0541782,-0.008739395,0.015785268,0.7585586160421371,216,442368,12328.829435838,442368
612.74,2259.71630812,40,0.010343141,0.13979492,2.0703375,-0.009334536,0.026615536,0.6371234953403473,217,444416,12379.918990696002,444416
612.62,2257.80821302,39,0.009652352,0.13046876,2.0836854,-0.008314,0.014268565,0.7536749839782715,218,446464,12432.245676475002,446464
618.71,2280.3354991200003,41,0.011513473,0.1527832,2.1001859,-0.010895169,0.013970757,0.8540830612182617,219,448512,12481.590749003997,448512
625.54,2304.63305351,40,0.011338181,0.15307617,2.1164942,-0.009255627,0.016135601,0.7331868708133698,220,450560,12532.569828419,450560
624.82,2300.1542181199998,38,0.011948833,0.16689453,2.1231897,-0.01621879,0.014780337,0.9024221748113632,221,452608,12585.592776429003,452608
630.98,2322.7348170999994,37,0.012820904,0.17138672,2.1317568,-0.011394396,0.009127224,0.8875466957688332,222,454656,12639.495586967998,454656
636.97,2343.8151549699996,39,0.011001882,0.14736328,2.1471078,-0.011733634,0.014799674,0.7503829598426819,223,456704,12691.281227676998,456704
641.63,2361.4682503700005,40,0.009533605,0.13671875,2.1550393,-0.00739678,0.013144304,0.8305492848157883,224,458752,12741.539985794996,458752
631.8,2327.01071775,37,0.011005482,0.15512696,2.1566298,-0.018697668,0.00092405715,0.9898887472227216,225,460800,12795.467758596998,460800
628.26,2312.21887238,39,0.011346133,0.16728516,2.162539,-0.020700496,0.0011475631,0.9867255790159106,226,462848,12847.667150984002,462848
632.31,2327.23500165,42,0.010790868,0.14907226,2.1573951,-0.013237079,0.005835292,0.9273578524589539,227,464896,12896.148950443,464896
622.52,2291.78664603,39,0.009185256,0.12792969,2.1324897,-0.013511166,0.0006716322,0.9928734162822366,228,466944,12948.170313761999,466944
621.58,2288.9143371,38,0.010901779,0.15419921,2.1171079,-0.009101536,0.0112534845,0.8835924342274666,229,468992,13001.331241542997,468992
616.76,2273.1641608,40,0.012407525,0.16132812,2.1139936,-0.017603178,0.0012580161,0.9872022913768888,230,471040,13051.880094375003,471040
608.81,2246.50524023,44,0.009786761,0.14458008,2.1064694,-0.012885058,0.00041979496,0.9952622600831091,231,473088,13098.14662182,473088
605.91,2235.7511332900003,38,0.0104515115,0.14101562,2.100525,-0.014622794,0.0003374519,0.996329064713791,232,475136,13151.853627751,475136
604.65,2233.39707871,40,0.01019528,0.140625,2.0924516,-0.011077352,0.0067863837,0.9465518705546856,233,477184,13202.063550865001,477184
617.73,2280.9265955799997,41,0.010956791,0.14365235,2.0783231,-0.010966871,0.014429706,0.8724407851696014,234,479232,13250.977038915997,479232
619.1,2286.1397311899996,39,0.011169085,0.15424804,2.0592375,-0.017579827,0.00045954762,0.9938514120876789,235,481280,13302.745737211997,481280
618.79,2283.77489668,41,0.011444325,0.15981445,2.0442426,-0.010548858,0.009787125,0.9008122161030769,236,483328,13352.601484173996,483328
618.48,2282.2319737399994,40,0.009451425,0.12290039,2.0374243,-0.012727892,0.0003619858,0.9923303658142686,237,485376,13402.871726856,485376
618.1,2280.78911002,40,0.0090458635,0.122998044,2.0239768,-0.016811047,0.00043207718,0.9948304439894855,238,487424,13453.811981779,487424
625.79,2309.8390058699997,43,0.010227424,0.14277343,2.0115771,-0.0102122445,0.0027340404,0.9696106631308794,239,489472,13500.894722995996,489472
637.8,2355.40096441,41,0.009593136,0.13051757,2.0155213,-0.012618062,0.0023002739,0.9755125399678946,240,491520,13550.707548929,491520
635.73,2349.97243729,44,0.0098606115,0.13500977,2.0147579,-0.01399689,0.00051535235,0.9916380848735571,241,493568,13596.262356592997,493568
627.5,2320.30656596,39,0.009488057,0.12895508,2.0091512,-0.015305276,0.00043450482,0.9960600859485567,242,495616,13647.643344447999,495616
619.74,2295.0033580299996,40,0.008312277,0.11118164,2.0128696,-0.0114366,0.00041411864,0.9955501593649387,243,497664,13698.781189389003,497664
604.76,2244.10927734,39,0.011222907,0.1484375,2.023037,-0.018682633,0.000470017,0.9964050059206784,244,499712,13750.657193644001,499712
586.7,2182.3257352200003,7,0.010334523,0.13320312,2.042112,-0.013699116,0.014589362,0.8898607268929482,245,501760,14032.075048721003,501760
581.65,2169.7485054500003,39,0.009757743,0.13295898,2.0409694,-0.013870875,0.0002938406,0.9967171044554561,246,503808,14084.356411034998,503808
576.52,2153.1317212100003,41,0.010481107,0.14160156,2.026732,-0.0142437015,0.00024082388,0.9975129126105458,247,505856,14133.235619439998,505856
560.49,2097.68516933,41,0.012181391,0.15800782,2.013105,-0.017013635,0.00036068764,0.9976042781490833,248,507904,14182.477021639002,507904
563.96,2111.98315693,40,0.009819718,0.13115235,1.9978702,-0.019236075,0.00036122953,0.9963040282018483,249,509952,14232.697706792002,509952
572.42,2140.1281562700005,40,0.0124042425,0.16381836,1.9940469,-0.010469967,0.030308908,0.2149403691291809,250,512000,14282.787782763997,512000
569.34,2128.4768987700004,37,0.011568538,0.15668945,1.9989474,-0.011186688,0.016418282,0.763261467218399,251,514048,14337.323022140998,514048
566.81,2114.85593453,38,0.013559027,0.17797852,2.0039577,-0.011666765,0.040767312,0.5454218089580536,252,516096,14391.029982521999,516096
569.65,2126.44003724,38,0.011871597,0.16391602,2.003005,-0.018936051,0.0006144702,0.991940189152956,253,518144,14443.835155257002,518144
574.52,2144.32905584,40,0.010917591,0.15268555,1.9870675,-0.010975888,0.016152155,0.8472645431756973,254,520192,14494.485381945997,520192
578.93,2158.94319179,41,0.011354526,0.15058593,1.9882406,-0.0109625505,0.029551595,0.6323452591896057,255,522240,14543.513666656,522240
588.19,2190.8708365500006,40,0.010505199,0.14262696,2.0035198,-0.007858983,0.030121122,0.12784963846206665,256,524288,14594.304315540998,524288
593.5,2209.95976575,41,0.008959862,0.11860351,2.0054755,-0.01588597,0.00069532817,0.9862433271482587,257,526336,14644.204466008,526336
587.52,2188.45462879,38,0.009077658,0.12573242,2.0069425,-0.0143978,0.0007950729,0.9898466244339943,258,528384,14697.104939222998,528384
592.43,2204.1404348300002,39,0.011415461,0.13623047,2.0146518,-0.013275219,0.024830092,0.7012947201728821,259,530432,14748.499974865998,530432
596.15,2217.4248657400003,41,0.008564516,0.115234375,2.0126767,-0.010874743,0.0027254128,0.968752620741725,260,532480,14797.295148862999,532480
599.57,2230.6699970199998,42,0.008096275,0.10898437,2.0076337,-0.014284158,0.00054770394,0.9933435823768377,261,534528,14845.547500098997,534528
598.47,2225.41666411,39,0.01078194,0.14916992,2.007981,-0.011309212,0.009829948,0.9292600676417351,262,536576,14897.654593494997,536576
588.52,2191.1408138200004,40,0.008738451,0.11699219,2.0017602,-0.014677393,0.0004939442,0.9945098212920129,263,538624,14948.819779190999,538624
595.82,2218.7319024999997,43,0.008189125,0.10913086,1.9948025,-0.013992426,0.00068475533,0.9831265714019537,264,540672,14996.111418499,540672
603.67,2248.42740572,42,0.010946408,0.15146485,1.9985101,-0.012462931,0.015562205,0.8962276130914688,265,542720,15044.771098536003,542720
608.12,2267.7321121,40,0.008826638,0.11674805,1.9931288,-0.01643591,0.00056378404,0.9869618657976389,266,544768,15095.722601435002,544768
605.55,2258.70199602,40,0.0100688385,0.13618164,1.9874462,-0.01614647,0.0006214549,0.9948677653446794,267,546816,15146.390596224002,546816
612.41,2282.83093938,39,0.008934184,0.117773436,1.9896839,-0.016487088,0.002751917,0.9584083706140518,268,548864,15198.828209150997,548864
612.66,2281.72803567,38,0.009705136,0.12783203,2.0032768,-0.015631987,0.0014053909,0.9854884818196297,269,550912,15252.508855248998,550912
608.98,2267.12297384,39,0.010603642,0.13808593,2.0223913,-0.008829092,0.0138162095,0.8576163351535797,270,552960,15304.108838342996,552960
614.68,2286.9706753400005,41,0.00778691,0.09995117,2.0405915,-0.006100212,0.014239689,0.8538319915533066,271,555008,15353.688594150997,555008
617.92,2298.87871739,38,0.008786755,0.12451172,2.0403495,-0.016696475,0.0005785287,0.9945917818695307,272,557056,15406.431644520999,557056
620.19,2304.55145352,46,0.01014542,0.1381836,2.0421507,-0.01176708,0.012753422,0.8684860169887543,273,559104,15450.552232395996,559104
625.24,2320.8637156199998,38,0.012810715,0.17314453,2.0560217,-0.015561705,0.0127032,0.8578743487596512,274,561152,15503.427680319,561152
624.27,2316.82871172,41,0.008421078,0.111767575,2.047401,-0.01500466,0.0005616065,0.9934037937782705,275,563200,15553.355207775,563200
620.77,2305.0087995999997,42,0.009238962,0.12944336,2.0289686,-0.016202796,0.00041865435,0.996267281472683,276,565248,15601.607470465002,565248
621.6,2308.1198285399996,38,0.008812455,0.12319336,2.0127594,-0.0149942115,0.00026092646,0.9971227820497006,277,567296,15654.463742031003,567296
625.59,2322.02639912,39,0.011216277,0.15683594,2.0081582,-0.008801079,0.01495376,0.7654373794794083,278,569344,15706.634061320998,569344
633.98,2354.89335175,39,0.010144635,0.1373047,2.0049152,-0.015982412,0.00045908598,0.9951697434298694,279,571392,15757.975843920001,571392
632.71,2349.0117210899994,38,0.008749852,0.12480469,1.9944007,-0.0070837005,0.015664563,0.8544322103261948,280,573440,15811.571899190996,573440
610.03,2271.99711409,41,0.009601477,0.1361328,1.9959608,-0.017414493,0.00047582146,0.9963205570820719,281,575488,15860.385104708002,575488
609.54,2272.37977091,38,0.008070057,0.1046875,2.0072212,-0.012051228,0.0021505035,0.9783246573060751,282,577536,15913.452222510998,577536
612.36,2284.2419427699997,40,0.008775625,0.120996095,2.0182014,-0.014978841,0.0004945897,0.9950445396825671,283,579584,15963.450032724002,579584
609.8,2278.65528232,43,0.011597617,0.1552246,2.0250735,-0.014557684,0.014278077,0.8926037847995758,284,581632,16010.114288744,581632
601.63,2251.98402269,39,0.00841317,0.11069336,2.0172124,-0.009243405,0.00035683092,0.9945563678629696,285,583680,16061.535754741002,583680
599.39,2246.4025783399998,39,0.0099214455,0.14013672,2.000536,-0.017984739,0.00048203146,0.9944168250076473,286,585728,16113.237007327996,585728
594.29,2225.54786796,42,0.009106588,0.12797852,1.9882376,-0.01521725,0.00043667675,0.9968387661501765,287,587776,16161.984729892996,587776
590.49,2217.21140536,50,0.007945446,0.10683594,1.9782149,-0.015560116,0.00035006768,0.9969530091620982,288,589824,16202.375441103002,589824
592.29,2224.3024947100002,43,0.008549184,0.117089845,1.9609134,-0.014324653,0.00028122106,0.9973720270209014,289,591872,16249.887179502002,591872
584.06,2194.4107503200003,37,0.008927963,0.1203125,1.9476624,-0.014755693,0.00073133566,0.9937634989619255,290,593920,16304.347100368002,593920
584.45,2197.22575493,38,0.008323745,0.1149414,1.9376892,-0.015451334,0.00047796973,0.9964648308232427,291,595968,16357.525448355002,595968
580.35,2182.10624349,38,0.009740877,0.12875977,1.9289744,-0.014663008,0.00033944365,0.9970225791912526,292,598016,16410.820578770996,598016
570.6,2145.63198236,29,0.007959899,0.10576172,1.9293029,-0.014456632,0.00031696894,0.9976642888505012,293,600064,16480.029887229997,600064
569.29,2139.55647007,7,0.008278501,0.10800781,1.9349254,-0.010570364,0.005091919,0.9372547790408134,294,602112,16738.600737185,602112
560.47,2107.2231291699995,39,0.008121635,0.10834961,1.930611,-0.013156375,0.0004089168,0.9966400237753987,295,604160,16790.404649326003,604160
549.53,2070.34827965,36,0.008888448,0.12475586,1.9190147,-0.012305385,0.012436816,0.9273586794734001,296,606208,16845.984270061002,606208
537.17,2027.5636193900002,38,0.008317825,0.111376956,1.904612,-0.01378454,0.0010123376,0.9925073571503162,297,608256,16899.650348131,608256
532.8,2010.99190938,36,0.009759397,0.13759765,1.8915396,-0.017452851,0.0006732516,0.993204546160996,298,610304,16955.889664957,610304
527.26,1992.6585170799997,40,0.009179,0.12314453,1.8952074,-0.012470468,0.0050291265,0.9595693126320839,299,612352,17006.139012432002,612352
514.2,1946.3172334899998,39,0.0077574253,0.10205078,1.8857443,-0.009678262,0.00035464967,0.993798078969121,300,614400,17057.579520221,614400
518.13,1959.83755818,39,0.008908974,0.11816406,1.8810314,-0.01294795,0.015520379,0.8200905621051788,301,616448,17109.542103998,616448
516.4,1951.9799109300002,42,0.009716992,0.13364258,1.8885005,-0.01328777,0.003891109,0.9716409035027027,302,618496,17157.729342959996,618496
512.01,1936.72972065,38,0.008689481,0.12246094,1.8775008,-0.0119939465,0.00057313574,0.9937721081078053,303,620544,17210.324895742,620544
511.23,1933.50938164,38,0.008847596,0.12026367,1.8657434,-0.013748469,0.0003880332,0.9972355170175433,304,622592,17263.755571957,622592
509.49,1928.9700338700004,38,0.009590808,0.12939453,1.8611097,-0.015355553,0.0003601518,0.9960095533169806,305,624640,17317.553126450002,624640
516.66,1954.5437044100001,38,0.008765216,0.12036133,1.863835,-0.005418663,0.014097375,0.8572049736976624,306,626688,17370.561252941996,626688
524.91,1987.1094506399997,37,0.008233111,0.108789064,1.8642466,-0.012386588,0.0004392537,0.9921736922115088,307,628736,17424.767568477,628736
529.83,2004.8342307000003,37,0.008493093,0.113183595,1.8495413,-0.01340888,0.00031326743,0.9970958062913269,308,630784,17479.660079354,630784
535.09,2022.70278472,37,0.009287639,0.12719727,1.8488804,-0.011307919,0.015654517,0.7804025858640671,309,632832,17534.063517515002,632832
536.52,2029.42364733,36,0.008065693,0.11025391,1.8504574,-0.01374758,0.00059404375,0.992684462107718,310,634880,17589.590420118002,634880
542.64,2052.86303075,38,0.006835586,0.08666992,1.8443733,-0.013192287,0.00030872162,0.9967698161490262,311,636928,17642.611647915997,636928
548.67,2076.2340036600003,38,0.008331151,0.109960936,1.8395802,-0.0131401215,0.0002541019,0.996886748354882,312,638976,17695.428895110002,638976
545.82,2065.8483903200004,39,0.008098365,0.110888675,1.835838,-0.014543486,0.0005142833,0.9962929454632103,313,641024,17747.560567590997,641024
549.82,2082.1001151600003,42,0.0071936,0.094335936,1.8350605,-0.012949402,0.00050432136,0.996180385351181,314,643072,17796.015305613,643072
554.88,2099.4007043699994,40,0.009164718,0.12392578,1.8415048,-0.0084568,0.01520426,0.8646110892295837,315,645120,17846.306809563997,645120
555.82,2103.12320416,37,0.0066436143,0.083740234,1.8396142,-0.008740758,0.00047793504,0.9919970827177167,316,647168,17900.218959159996,647168
566.33,2142.69351959,37,0.009334473,0.11928711,1.8445196,-0.008789363,0.013814369,0.9056661948561668,317,649216,17955.196958911998,649216
568.6,2150.60859124,42,0.008877968,0.12026367,1.8589722,-0.015586617,0.0007887616,0.9931180900894105,318,651264,18003.813409641996,651264
565.46,2138.11248202,37,0.007600808,0.095898435,1.8630035,-0.011598925,0.0036934665,0.9723221138119698,319,653312,18057.760601513997,653312
570.81,2157.30869347,38,0.008698878,0.11367188,1.8593502,-0.0076434277,0.009156122,0.8499317467212677,320,655360,18111.418664447003,655360
576.44,2179.7708887700005,37,0.008165411,0.109277345,1.8507131,-0.014706625,0.0037053633,0.9763690046966076,321,657408,18166.556588565996,657408
568.63,2152.36330824,39,0.008475693,0.10986328,1.8398807,-0.0131885065,0.00052946934,0.9938686303794384,322,659456,18218.800056984,659456
578.21,2189.0099818400004,39,0.008447935,0.11435547,1.835644,-0.014136809,0.00042050224,0.9963789207395166,323,661504,18270.521588741,661504
580.79,2200.14983251,38,0.008349093,0.11606445,1.83111,-0.013319185,0.00052302395,0.9949911972507834,324,663552,18323.825663276002,663552
585.82,2218.46435746,39,0.010208236,0.14418945,1.8136371,-0.017099839,0.00045624995,0.996278308564797,325,665600,18375.665170094,665600
589.48,2233.03948348,40,0.0071755736,0.091357425,1.8009621,-0.014860551,0.00027628685,0.9973222550470382,326,667648,18425.622654738996,667648
594.22,2252.472573,38,0.008030928,0.10629883,1.7861055,-0.015178879,0.00041149464,0.9966644020751119,327,669696,18478.813253408,669696
598.01,2267.1036854800004,36,0.008095026,0.10507812,1.7765744,-0.013073917,0.00046751025,0.9962149441707879,328,671744,18534.744898359,671744
608.12,2306.20848876,39,0.0073939287,0.099658206,1.7719342,-0.013776733,0.00035829813,0.9968980906996876,329,673792,18586.291711812002,673792
619.33,2347.4851303200003,39,0.008942926,0.12646484,1.7704611,-0.0068552643,0.015126115,0.8625667691230774,330,675840,18637.792691661998,675840
622.59,2359.9023346399995,39,0.00826678,0.1144043,1.7730694,-0.014626861,0.00046456172,0.9950600480660796,331,677888,18689.998320685,677888
622.06,2357.87205022,41,0.008835975,0.11616211,1.7781346,-0.011059606,0.0116286725,0.9117798656225204,332,679936,18739.696010476,679936
632.32,2398.3802156,37,0.0075795045,0.09951172,1.7822342,-0.013541652,0.0004847012,0.9912856938317418,333,681984,18793.649274908,681984
636.32,2412.50190856,41,0.008648198,0.12163086,1.7801545,-0.0068194605,0.015051449,0.8668213933706284,334,684032,18843.589928313,684032
632.07,2396.29531714,39,0.01007163,0.13129883,1.7755044,-0.009941494,0.01104238,0.9354565516114235,335,686080,18896.051330697002,686080
625.62,2373.9826633400003,36,0.008247772,0.10917969,1.7767597,-0.014081502,0.00055333663,0.9929412170313299,336,688128,18952.574841847003,688128
627.94,2382.9716836700004,38,0.007225135,0.09716797,1.7853178,-0.009539312,0.014700152,0.8632226884365082,337,690176,19006.140182677,690176
629.35,2390.0997526900005,39,0.008126156,0.111816406,1.7818664,-0.01252314,0.0003901796,0.9912067651748657,338,692224,19057.600392633,692224
620.65,2356.74410106,37,0.012976533,0.15385742,1.7762884,-0.018086247,0.030018708,0.7902887016534805,339,694272,19111.54282294,694272
618.57,2347.69605555,41,0.008075629,0.10771485,1.7845312,-0.008765155,0.015578566,0.861737847328186,340,696320,19161.037000837998,696320
616.16,2336.67450618,35,0.0078946175,0.10961914,1.7941263,-0.0055578635,0.015731301,0.8586382865905762,341,698368,19218.191308135,698368
611.03,2315.8988141600003,13,0.008193959,0.113427736,1.7959564,-0.011302478,0.0060249288,0.9518885351717472,342,700416,19370.690505786,700416
611.32,2318.00014807,10,0.0067008277,0.0881836,1.789047,-0.012481354,0.0005896268,0.9939114032313228,343,702464,19557.681686828997,702464
606.6,2297.6975410200002,38,0.0071730553,0.088330075,1.7833998,-0.012177537,0.007644082,0.9284790605306625,344,704512,19610.378008932,704512
599.74,2273.86951471,41,0.0052703507,0.061425783,1.7751791,-0.010357039,0.00047398498,0.9950373321771622,345,706560,19659.563586960998,706560
590.68,2240.93086332,38,0.0065274173,0.083789065,1.7687798,-0.010894728,0.00041217683,0.9962684253696352,346,708608,19713.126352608,708608
589.9,2238.5980405500004,38,0.008586329,0.11655273,1.7662579,-0.0103877615,0.0033997507,0.9771588537842035,347,710656,19765.893663527997,710656
586.91,2228.1296323,38,0.0073097697,0.09555664,1.7570171,-0.011590238,0.00048395136,0.9941384950652719,348,712704,19819.215777380996,712704
585.39,2222.04190921,37,0.010811609,0.13886718,1.7530499,-0.011723857,0.01542048,0.8573230057954788,349,714752,19873.954524679,714752
600.54,2279.66491476,39,0.007463932,0.09711914,1.7565546,-0.0077916896,0.011983382,0.8880133926868439,350,716800,19925.690690712,716800
608.33,2308.80712486,36,0.009112058,0.1215332,1.7620928,-0.01158304,0.018285226,0.5975426733493805,351,718848,19981.868613542,718848
611.67,2319.71047928,40,0.008356573,0.10957031,1.7632391,-0.011134451,0.0101651,0.8499278128147125,352,720896,20031.87778114,720896
614.69,2330.31630171,38,0.008095902,0.108789064,1.7608416,-0.014093796,0.0043010665,0.971348749473691,353,722944,20085.10431055,722944
620.82,2353.65346829,39,0.00725411,0.09794922,1.7560322,-0.01304443,0.0024948088,0.9611247330904007,354,724992,20136.886109266998,724992
618.86,2347.28544718,40,0.0087129725,0.1140625,1.7517402,-0.012863395,0.00044991443,0.9945628861896694,355,727040,20188.052296707996,727040
623.64,2366.1183645300002,39,0.007925006,0.107373044,1.7472503,-0.016897347,0.000514611,0.993734173476696,356,729088,20239.512136810998,729088
629.47,2384.9789168499997,38,0.0066443095,0.08251953,1.754165,-0.003959193,0.029360244,0.6480865180492401,357,731136,20292.341070846,731136
631.24,2390.5192787799997,41,0.008172476,0.103125,1.7693996,-0.009488426,0.004897637,0.9147534668445587,358,733184,20342.187336295996,733184
638.44,2415.1658209399993,39,0.006284508,0.07944336,1.7759144,-0.0065908977,0.028751712,0.6700935959815979,359,735232,20393.829520359002,735232
637.62,2412.52820562,39,0.008366751,0.11020508,1.7842159,-0.011809183,0.00064868346,0.9920319048687816,360,737280,20446.033019933,737280
631.14,2389.6890849300003,40,0.007888128,0.10317383,1.790514,-0.014452824,0.00048298077,0.9945285920985043,361,739328,20496.395905883,739328
641.08,2426.99796051,36,0.009490986,0.12963867,1.7964785,-0.0104305195,0.0145357875,0.8521080762147903,362,741376,20551.762776563002,741376
634.59,2404.51728137,38,0.0055874134,0.063964844,1.7974596,-0.0092032105,0.00065266795,0.9918430130928755,363,743424,20605.275428873,743424
621.02,2355.47326361,38,0.006881509,0.08867188,1.797671,-0.011791358,0.00052614487,0.9956714403815567,364,745472,20658.600718559,745472
629.45,2388.37893078,38,0.006794433,0.09277344,1.7894939,-0.011151883,0.0005217388,0.9954117275774479,365,747520,20711.620849403997,747520
629.87,2389.5033274599996,39,0.0069817477,0.09301758,1.7787225,-0.012590493,0.0004690375,0.9956164928153157,366,749568,20763.568588962,749568
631.69,2395.26979411,40,0.006244509,0.07475586,1.7699997,-0.012039969,0.00076600723,0.9940452827140689,367,751616,20813.781162938,751616
620.79,2353.69543297,40,0.006215349,0.078027345,1.7570238,-0.013880044,0.00051513646,0.9964731619693339,368,753664,20864.369292047,753664
618.3,2344.83353996,40,0.008590813,0.109521486,1.7559412,-0.01446561,0.0030646757,0.946038044989109,369,755712,20915.560121110997,755712
627.26,2381.44452646,41,0.0073792525,0.10102539,1.7541454,-0.014151836,0.0005900356,0.9952679690904915,370,757760,20965.238672722,757760
635.35,2412.6068661,39,0.005104198,0.05629883,1.7362835,-0.009577431,0.00042544754,0.9937695069238544,371,759808,21017.420499661,759808
625.75,2379.9191405300003,37,0.0064009344,0.08115234,1.7240064,-0.011695814,0.00027978673,0.9970692649949342,372,761856,21071.696991974997,761856
633.33,2407.62196725,38,0.009693957,0.12875977,1.7248232,-0.012510091,0.01709665,0.767689898610115,373,763904,21125.341736383,763904
641.68,2437.92023126,38,0.007502991,0.099414065,1.7287239,-0.013907241,0.015210068,0.8857892826199532,374,765952,21177.982695082,765952
642.46,2441.12486798,38,0.008222525,0.11118164,1.7290074,-0.012630331,0.0040832474,0.9684862978756428,375,768000,21231.489097867998,768000
645.43,2452.20009958,42,0.008041681,0.10522461,1.7290729,-0.0070003667,0.014026964,0.857265055179596,376,770048,21279.560916898,770048
650.77,2469.8137811100005,38,0.009079853,0.111572266,1.7339195,-0.012026852,0.01725451,0.7965691387653351,377,772096,21333.351349218996,772096
645.67,2449.64921904,39,0.008015486,0.10297851,1.739351,-0.0126697915,0.003472554,0.9782864339649677,378,774144,21384.637070345998,774144
646.06,2451.41380011,37,0.0069123744,0.080761716,1.7392466,-0.013483899,0.0006624078,0.9939727769233286,379,776192,21439.556965076,776192
646.61,2454.7842219700005,41,0.008172682,0.113134764,1.733238,-0.016860621,0.00054788525,0.9940345855429769,380,778240,21489.468404738996,778240
635.31,2410.2552228900004,39,0.009432335,0.12924805,1.7298187,-0.011470961,0.015873943,0.892143152654171,381,780288,21541.036696969,780288
621.32,2358.30375862,37,0.0066221124,0.08515625,1.7345507,-0.011154022,0.0016909062,0.9773665331304073,382,782336,21595.258887666998,782336
613.5,2329.6059468000003,38,0.008011207,0.105810545,1.7335384,-0.014155949,0.00044463243,0.9967179789673537,383,784384,21647.836087735,784384
612.73,2326.57604724,40,0.00573026,0.07128906,1.7315708,-0.010694616,0.0008404264,0.9904064172878861,384,786432,21698.53683536,786432
607.65,2306.85810792,40,0.0066285245,0.08505859,1.7306464,-0.011576509,0.00040796268,0.9965869823936373,385,788480,21749.675194104,788480
593.18,2254.7436292499997,37,0.008440655,0.11694336,1.7223327,-0.01749027,0.00029141232,0.99809968075715,386,790528,21804.050907081997,790528
585.65,2228.84561602,38,0.0072015314,0.09418945,1.7163979,-0.013464531,0.00032037363,0.9975827876478434,387,792576,21857.166679543,792576
581.37,2213.81587363,38,0.007630219,0.103759766,1.7163103,-0.014409564,0.00036194717,0.997105662478134,388,794624,21910.354901820996,794624
578.19,2200.41206758,38,0.007620505,0.10341797,1.7132437,-0.014015446,0.0002928763,0.9978711484000087,389,796672,21963.192606839002,796672
563.51,2143.65212346,39,0.0061554685,0.07978515,1.7113781,-0.011328441,0.0033326806,0.9768114071339369,390,798720,22014.599942257002,798720
570.68,2170.8398346000004,9,0.0059065735,0.07324219,1.7113901,-0.008647343,0.003033541,0.9708671160042286,391,800768,22239.071790953,800768
567.26,2157.10291236,19,0.0070209936,0.08681641,1.7098897,-0.011133728,0.00053269876,0.9948932635597885,392,802816,22343.556849388,802816
559.07,2126.36016295,39,0.0064121173,0.0809082,1.7076346,-0.012054698,0.00036557444,0.9976609963923693,393,804864,22395.193132725,804864
556.25,2115.84359064,39,0.007055942,0.09375,1.7054384,-0.013586189,0.0002536928,0.9978860088158399,394,806912,22446.612343938003,806912
558.43,2124.3050245500003,38,0.0060675265,0.076123044,1.7057526,-0.01225684,0.00037042453,0.9976846456993371,395,808960,22500.128202580003,808960
556.49,2117.0994915399997,36,0.008133815,0.10976563,1.7035611,-0.014941784,0.00033926198,0.9971434795297682,396,811008,22555.799868139,811008
537.4,2045.2350218300003,38,0.0048851543,0.055419922,1.6956991,-0.0111364685,0.0003542705,0.9981146901845932,397,813056,22609.503702654998,813056
532.9,2026.83730843,38,0.0075788544,0.105615236,1.6899519,-0.016775299,0.00024206878,0.9983148875180632,398,815104,22662.816703735,815104
515.1,1961.8516214700003,38,0.0073844804,0.10444336,1.6860504,-0.013666901,0.00031602118,0.9981171664549038,399,817152,22715.977602378,817152
512.59,1952.0928413699999,40,0.005317788,0.061914064,1.6817964,-0.008557728,0.00041603646,0.9976352765224874,400,819200,22766.064767780997,819200
507.28,1931.54004464,40,0.0066493563,0.08686523,1.68167,-0.010532154,0.0064108884,0.9138749465346336,401,821248,22816.736818459,821248
506.03,1929.84216073,38,0.0067896424,0.08779297,1.6828991,-0.011511108,0.00039174635,0.9962135348469019,402,823296,22869.634183493996,823296
505.34,1926.36338678,38,0.006815591,0.086083986,1.6816976,-0.014833091,0.00043590087,0.9971941667608917,403,825344,22923.199741209,825344
497.26,1895.7626849599997,37,0.0062497524,0.07832031,1.6777996,-0.013358012,0.00048046157,0.9971015434712172,404,827392,22977.305029475,827392
491.46,1875.0890275600002,36,0.006633201,0.08896484,1.6693699,-0.01269941,0.00034376426,0.9977341890335083,405,829440,23032.703891592,829440
496.9,1896.25946546,39,0.0059567373,0.076123044,1.6675432,-0.013800187,0.00029997405,0.9979187867138535,406,831488,23084.188199727003,831488
494.67,1887.9878901899997,37,0.00563579,0.06708984,1.6682968,-0.012062423,0.00027448984,0.9978497279807925,407,833536,23139.30364939,833536
484.47,1849.2964334100002,38,0.0045565204,0.049609374,1.6661053,-0.009375451,0.00037812977,0.9976379496511072,408,835584,23192.206686075,835584
484.64,1849.44422298,39,0.004895274,0.056884766,1.6603091,-0.012396769,0.00020572562,0.9985234801424667,409,837632,23244.038044987,837632
484.33,1848.1761731699999,44,0.0062109497,0.07807617,1.6533082,-0.012339351,0.00026749552,0.9969338863156736,410,839680,23289.960515474,839680
485.63,1853.33191704,40,0.0052975104,0.060839843,1.6510317,-0.009849542,0.00023604181,0.9983663359889761,411,841728,23340.072623267,841728
486.94,1859.52537314,41,0.0052647395,0.06196289,1.6475594,-0.010607703,0.00023996543,0.9981052377261221,412,843776,23389.08187607,843776
487.56,1863.0566400399998,41,0.0054498054,0.06411133,1.645159,-0.010932391,0.0002470152,0.9980585731100291,413,845824,23437.882685468998,845824
491.85,1880.29714287,38,0.00688344,0.09243164,1.6412348,-0.012882156,0.0003258044,0.9974148443434387,414,847872,23491.311187359002,847872
484.92,1852.8427249600002,41,0.0057003237,0.070166014,1.6333883,-0.012571849,0.00026978523,0.9984414569335058,415,849920,23540.923191495,849920
487.77,1863.0517826199998,37,0.0057101087,0.07402344,1.6289374,-0.0119945835,0.00037101237,0.9975896913092583,416,851968,23595.984618262002,851968
490.11,1872.4753790799996,38,0.0065470883,0.082128905,1.6274402,-0.013072871,0.00019704636,0.9978882423602045,417,854016,23648.577493097997,854016
488.38,1865.9243288299997,40,0.0041443207,0.04321289,1.6227083,-0.008149573,0.00025071448,0.9981447869213298,418,856064,23699.371831595003,856064
500.29,1908.6765601099996,40,0.00722393,0.099560544,1.6239153,-0.0102753695,0.024452757,0.7200377285480499,419,858112,23750.022648544,858112
494.2,1884.2973626100002,38,0.00627507,0.08085938,1.6307329,-0.008025704,0.016547564,0.8871078118681908,420,860160,23803.822090237998,860160
497.98,1898.5789192999998,40,0.005347934,0.059667967,1.6300738,-0.008883864,0.00057606597,0.994567837100476,421,862208,23853.991400836,862208
500.86,1910.12948126,39,0.0068858163,0.08803711,1.6271414,-0.012773572,0.00042171107,0.9968083424028009,422,864256,23905.599075507,864256
508.21,1936.4349777100003,41,0.0065863878,0.08266602,1.6269004,-0.007562025,0.016041577,0.851012334227562,423,866304,23954.763664117003,866304
512.95,1954.6515909199998,39,0.005619514,0.06621094,1.627353,-0.009629441,0.0027648953,0.9776514545083046,424,868352,24006.764496509997,868352
508.6,1938.8915929900004,38,0.005669051,0.069970705,1.6248413,-0.010887968,0.00047997283,0.9962878588121384,425,870400,24059.371589349,870400
508.54,1938.64185096,38,0.008370704,0.107666016,1.6213982,-0.0074535594,0.016124398,0.8880406692624092,426,872448,24113.246983466,872448
511.28,1948.7932584900002,39,0.0063736723,0.08110352,1.6207049,-0.013623649,0.0006685075,0.9933828241191804,427,874496,24165.374974512997,874496
517.64,1974.3212977499998,40,0.004774211,0.05625,1.6192862,-0.009243941,0.0004027361,0.9960799822583795,428,876544,24215.699548443998,876544
526.69,2008.7251724800005,38,0.004483483,0.050048828,1.615065,-0.010844166,0.00039412812,0.997230774955824,429,878592,24269.509019963,878592
527.53,2012.254959,39,0.0046916474,0.05683594,1.6110952,-0.009983113,0.00035934063,0.9974896505009383,430,880640,24321.094010758003,880640
535.83,2044.6002839300004,37,0.006812489,0.0881836,1.6064975,-0.014107188,0.00024611643,0.9979327556211501,431,882688,24375.4439096,882688
538.56,2055.618363,38,0.0048549706,0.05415039,1.6021645,-0.0100280335,0.0002270994,0.9979806346818805,432,884736,24428.269068390997,884736
533.39,2035.56564689,39,0.0054792115,0.071826175,1.5999309,-0.0110026505,0.002514181,0.9828937742859125,433,886784,24480.577174767997,886784
543.5,2073.16055159,40,0.0058578174,0.07519531,1.6015441,-0.010682928,0.009942406,0.843737781047821,434,888832,24530.652021895003,888832
545.75,2082.43031249,40,0.0038386385,0.037597656,1.6043342,-0.007821033,0.0006236581,0.9948353809304535,435,890880,24580.772925703997,890880
544.53,2078.34415487,40,0.005203744,0.058544923,1.6028757,-0.009587603,0.00039572743,0.9973627196159214,436,892928,24631.085032714,892928
542.35,2070.9400396,37,0.0042583854,0.046826173,1.5984219,-0.0085917665,0.0003699769,0.9977025797124952,437,894976,24685.973029381,894976
534.98,2042.6171202199998,38,0.0049095517,0.059814453,1.5940869,-0.0106033385,0.0003583242,0.9980823483783752,438,897024,24739.423860046998,897024
530.94,2027.3665628999997,37,0.003956304,0.038769532,1.5908405,-0.008556396,0.0002468639,0.9983218375127763,439,899072,24794.381195317,899072
526.57,2010.4895173,7,0.006294536,0.084033206,1.5924402,-0.0067637702,0.0037609786,0.9736042972654104,440,901120,25080.748380256002,901120
524.49,2003.7556894799998,39,0.0042204782,0.045458984,1.5907732,-0.010303454,0.00029493865,0.9983105473220348,441,903168,25132.182091281,903168
532.76,2035.29767288,37,0.0034326757,0.034765624,1.5889357,-0.0061843307,0.0035322816,0.9632558673620224,442,905216,25187.282537298,905216
529.22,2021.8929542799995,39,0.0040905215,0.043896485,1.5883775,-0.008929303,0.00038524292,0.9968568189069629,443,907264,25238.663833261002,907264
530.85,2028.6859674099999,38,0.00547419,0.06679688,1.5848744,-0.01266734,0.0002767535,0.9977040681988001,444,909312,25292.077840707003,909312
516.11,1976.50590694,36,0.0028592863,0.022314453,1.5834625,-0.0066756615,0.00050607696,0.996728660305962,445,911360,25347.974588699,911360
520.79,1994.95744229,36,0.0051453635,0.061083984,1.5816824,-0.011912161,0.00028847257,0.9973772189114243,446,913408,25403.354342628998,913408
521.48,1998.23032576,37,0.0032606232,0.030078124,1.5816691,-0.006477145,0.00031712098,0.9978319080546498,447,915456,25458.124299375,915456
508.11,1948.26612915,38,0.003757278,0.038232423,1.5818436,-0.007466537,0.00055432256,0.9965992055367678,448,917504,25511.85285915,917504
508.84,1950.69932462,36,0.0037955386,0.040771484,1.580251,-0.009277473,0.012440924,0.9291847348213196,449,919552,25567.672240068,919552
512.08,1963.05484379,39,0.004374077,0.050439455,1.5784256,-0.008110103,0.0005055072,0.99676593975164,450,921600,25619.749999724,921600
502.6,1927.95359423,37,0.0043319026,0.047607422,1.5798702,-0.010094522,0.0003071563,0.9982680851826444,451,923648,25674.46353809,923648
505.74,1940.76402544,38,0.0032868155,0.030761719,1.5820838,-0.007440363,0.00058659544,0.9961430423427373,452,925696,25727.483016979,925696
499.74,1917.7836320399997,37,0.005257577,0.06455078,1.5805705,-0.010194367,0.00034776074,0.9977349496912211,453,927744,25781.875906176996,927744
503.99,1934.3543365900002,39,0.0035372116,0.03720703,1.5794911,-0.007295575,0.00033403363,0.9980515919160098,454,929792,25834.386510908997,929792
493.65,1895.20582784,40,0.0036940083,0.034375,1.5784442,-0.008236933,0.00021316417,0.9986253050155938,455,931840,25884.448926553996,931840
485.51,1862.9620403799997,41,0.0048376443,0.060058594,1.5781751,-0.011289949,0.0004124831,0.9976119501516223,456,933888,25934.050465686,933888
492.14,1889.2468996399998,38,0.0049513197,0.058154296,1.580137,-0.011378137,0.00031371976,0.997494792798534,457,935936,25986.914851777,935936
483.93,1858.0114350500005,42,0.0036224131,0.039746094,1.5809623,-0.005201254,0.012333794,0.9192213714122772,458,937984,26035.211497079996,937984
490.49,1881.47283084,38,0.0067886375,0.08896484,1.5825801,-0.01050278,0.014144456,0.8759056031703949,459,940032,26088.627820183996,940032
489.99,1879.7250177699998,36,0.0031948437,0.030664062,1.5845139,-0.008098174,0.00070538523,0.9934665141627192,460,942080,26145.170084986996,942080
493.39,1893.1381363399998,41,0.0029226118,0.025097657,1.584357,-0.0064907195,0.0003812266,0.9960395102389157,461,944128,26194.420151893,944128
505.08,1936.4001393699998,38,0.0039553028,0.042333983,1.5841941,-0.006066494,0.014447048,0.8088140934705734,462,946176,26247.767572103003,946176
506.4,1942.6614802,36,0.0030332252,0.02602539,1.5847702,-0.006782635,0.00044533904,0.9951949315145612,463,948224,26304.338970890996,948224
510.93,1958.90459438,37,0.0036378775,0.035986327,1.5843742,-0.00899571,0.00038114624,0.9974527168087661,464,950272,26358.336955731,950272
519.34,1987.23368056,39,0.004296585,0.053271484,1.5856824,-0.0075715384,0.033644356,0.1545732021331787,465,952320,26409.967410001,952320
526.21,2014.1986369699996,38,0.0033439589,0.03276367,1.5873771,-0.008845432,0.00057821954,0.9935117964632809,466,954368,26462.541159608,954368
534.76,2046.06243576,38,0.0037252784,0.037744142,1.5881623,-0.007372995,0.0005015481,0.9949938519857824,467,956416,26515.835763263,956416
532.63,2039.3119203899998,39,0.0039851405,0.0418457,1.5891114,-0.0084896665,0.0004557407,0.9960946049541235,468,958464,26567.870944108996,958464
533.22,2039.9591320199997,41,0.0038079664,0.042871095,1.5899193,-0.008720868,0.01174826,0.8899756371974945,469,960512,26617.613504857,960512
533.88,2040.80981491,40,0.003230429,0.0359375,1.5913335,-0.005953824,0.017658263,0.8770570009946823,470,962560,26667.633168815002,962560
536.41,2048.56097237,39,0.0033383716,0.03666992,1.5928112,-0.005710769,0.027988276,0.8156235218048096,471,964608,26719.654365577,964608
543.8,2076.1271619599997,41,0.001728021,0.011328125,1.5942822,-0.0035200566,0.007924935,0.8835616707801819,472,966656,26768.654527239996,966656
541.78,2066.04613346,41,0.0018536157,0.013769532,1.5947464,-0.0046241637,0.012888518,0.9177010580897331,473,968704,26817.786993478003,968704
547.23,2087.2561588099998,39,0.0031490375,0.031103516,1.5945628,-0.009658934,0.0005958623,0.9956834656186402,474,970752,26869.808159997003,970752
548.44,2093.54372993,38,0.001990516,0.015527343,1.5933946,-0.0057369764,0.00043200437,0.9970652279444039,475,972800,26922.441302581,972800
554.0,2113.4765017500004,41,0.0028892641,0.030322265,1.5932721,-0.0033662345,0.01609518,0.8367924839258194,476,974848,26971.908894701002,974848
563.71,2148.9531598500002,38,0.0028694747,0.031152343,1.594342,-0.0070818155,0.017466174,0.8581018596887589,477,976896,27025.069272845,976896
571.18,2177.8568807399997,38,0.001461881,0.006787109,1.5947095,-0.004716979,0.0006574177,0.9951825081370771,478,978944,27078.222443647,978944
567.63,2161.4931008900003,41,0.0015086049,0.009765625,1.595178,-0.0035522399,0.016101109,0.9106401056051254,479,980992,27127.947433315996,980992
565.1,2150.2593224700004,41,0.00097599096,0.0067382813,1.5952941,-0.003817626,0.0054748855,0.9655688144266605,480,983040,27177.861801942003,983040
549.39,2089.8130805900005,41,0.0024625917,0.025195312,1.5958059,-0.0073415274,0.023610132,0.8789184167981148,481,985088,27227.510119041,985088
550.83,2094.51764656,40,0.00086788385,0.0022949218,1.5962913,-0.004223865,0.0012451506,0.9927873671986163,482,987136,27278.679784895998,987136
557.18,2118.62680824,42,0.0011362222,0.005419922,1.5963316,-0.004584969,0.0005513694,0.9967898076865822,483,989184,27327.234812875,989184
555.28,2111.3421675800005,38,0.00075701985,0.0023925782,1.5964658,-0.0041638897,0.00048186298,0.997165173990652,484,991232,27380.818182725998,991232
549.89,2092.39297142,38,0.00018845686,0.0,1.5962794,-0.0014262315,0.00045009158,0.9972102446481586,485,993280,27434.437319475,993280
548.41,2087.6469741299998,40,0.00027518845,0.00048828125,1.5961646,-0.0023154295,0.00045772333,0.9977277868892998,486,995328,27485.373955942996,995328
549.27,2090.66804767,41,0.0001008064,0.0,1.5958999,-0.001244534,0.00044413703,0.9970979592762887,487,997376,27534.955121113002,997376
555.12,2111.1414364200004,38,3.0051446e-05,0.0,1.5958359,-0.00052718754,0.018044708,0.8531336039304733,488,999424,27588.418787365998,999424
551.45,2095.8915763400005,7,1.5346654e-05,0.0,1.595889,-0.0003723489,0.017705634,0.8969580456614494,489,1001472,27875.884761449,1001472
